ID,Name,Component,Date,AgeRange,PayPlan,ServiceRange,Masked,Gender
001247979,NAME WITHHELD BY AGENCY,AF**S ,19821001,45-49,WG02,1-2,,
003101868,NAME WITHHELD BY AGENCY,AF**S ,19821112,20-24,GS03,1-2,,
004307842,NAME WITHHELD BY AGENCY,AF**A ,19821122,40-44,GS07,UNSP,,
004900191,NAME WITHHELD BY AGENCY,AF**A ,19821227,20-24,YW00,UNSP,,
005072335,NAME WITHHELD BY AGENCY,AF**S ,19821225,65-69,GS04,25-29,,
005182179,NAME WITHHELD BY AGENCY,AF**S ,19821126,20-24,WG10,3-4,,
005271080,NAME WITHHELD BY AGENCY,AF**S ,19821206,55-59,GS12,20-24,,
005457121,NAME WITHHELD BY AGENCY,AF**S ,19821231,60-64,GS05,20-24,,
006623806,NAME WITHHELD BY AGENCY,AF**S ,19821231,60-64,GS05,25-29,,
008538498,NAME WITHHELD BY AGENCY,AF**A ,19821122,50-54,GS12,15-19,,
009253265,NAME WITHHELD BY AGENCY,AF**A ,19821123,35-39,GS03,5-9,,
000029356,NAME WITHHELD BY AGENCY,AFNGS ,19821013,20-24,WG05,< 1,,
000103060,NAME WITHHELD BY AGENCY,AFNGA ,19821027,35-39,GS05,UNSP,,
000103060,NAME WITHHELD BY AGENCY,AFNGS ,19821112,35-39,GS05,< 1,,
000114261,NAME WITHHELD BY AGENCY,AFNGS ,19821030,20-24,GS07,1-2,,
000124917,NAME WITHHELD BY AGENCY,AFNGS ,19821218,25-29,WG05,< 1,,
000128621,NAME WITHHELD BY AGENCY,AFNGS ,19821225,20-24,WG10,< 1,,
000133478,NAME WITHHELD BY AGENCY,AFNGS ,19821129,40-44,WG12,20-24,,
000134165,NAME WITHHELD BY AGENCY,AFNGA ,19821001,35-39,GS11,< 1,,
000139591,NAME WITHHELD BY AGENCY,AFNGS ,19821030,35-39,GS04,< 1,,
000150253,NAME WITHHELD BY AGENCY,AFNGA ,19821102,25-29,WG10,< 1,,
000155162,NAME WITHHELD BY AGENCY,AFNGS ,19821116,35-39,WG11,10-14,,
000157882,NAME WITHHELD BY AGENCY,AFNGS ,19821101,35-39,GS11,15-19,,
000165729,NAME WITHHELD BY AGENCY,AFNGS ,19821226,20-24,GS04,1-2,,
000166700,NAME WITHHELD BY AGENCY,AFNGA ,19821220,25-29,GS05,3-4,,
000168312,NAME WITHHELD BY AGENCY,AFNGA ,19821003,30-34,GM13,< 1,,
000179436,NAME WITHHELD BY AGENCY,AFNGS ,19821003,25-29,GS06,3-4,,
000182467,NAME WITHHELD BY AGENCY,AFNGS ,19820423,30-34,GS06,1-2,,
000182592,NAME WITHHELD BY AGENCY,AFNGA ,19821114,40-44,WG10,5-9,,
000209514,NAME WITHHELD BY AGENCY,AFNGS ,19821001,20-24,WG05,< 1,,
000249308,NAME WITHHELD BY AGENCY,AFNGA ,19821003,20-24,WG08,< 1,,
000254078,NAME WITHHELD BY AGENCY,AFNGS ,19821127,25-29,GS06,5-9,,
000268249,NAME WITHHELD BY AGENCY,AFNGS ,19821030,35-39,WG10,5-9,,
000283647,NAME WITHHELD BY AGENCY,AFNGS ,19821030,40-44,WG10,< 1,,
000305750,NAME WITHHELD BY AGENCY,AFNGS ,19821224,35-39,WG06,10-14,,
000308395,NAME WITHHELD BY AGENCY,AFNGS ,19821112,30-34,GS11,1-2,,
000317110,NAME WITHHELD BY AGENCY,AFNGS ,19821016,30-34,WS13,5-9,,
000326678,NAME WITHHELD BY AGENCY,AFNGS ,19821015,20-24,GS05,1-2,,
000327615,NAME WITHHELD BY AGENCY,AFNGA ,19821001,30-34,GS05,3-4,,
000327615,NAME WITHHELD BY AGENCY,AFNGS ,19821114,25-29,GS05,3-4,,
000334593,NAME WITHHELD BY AGENCY,AFNGA ,19821201,35-39,GS05,5-9,,
000346196,NAME WITHHELD BY AGENCY,AFNGA ,19821012,25-29,WG05,UNSP,,
000346624,NAME WITHHELD BY AGENCY,AFNGA ,19821108,25-29,WG05,< 1,,
000357679,NAME WITHHELD BY AGENCY,AFNGS ,19821002,25-29,GS04,1-2,,
000361729,NAME WITHHELD BY AGENCY,AFNGS ,19821231,50-54,GS12,25-29,,
000369076,NAME WITHHELD BY AGENCY,AFNGA ,19821201,35-39,WG06,UNSP,,
000375835,NAME WITHHELD BY AGENCY,AFNGS ,19821209,35-39,GS08,10-14,,
000376417,NAME WITHHELD BY AGENCY,AFNGS ,19821001,40-44,GS09,15-19,,
000399416,NAME WITHHELD BY AGENCY,AFNGS ,19821120,25-29,WG11,5-9,,
000429436,NAME WITHHELD BY AGENCY,AFNGA ,19821019,25-29,GS06,UNSP,,
000429436,NAME WITHHELD BY AGENCY,AFNGS ,19821112,25-29,GS06,< 1,,
000434270,NAME WITHHELD BY AGENCY,AFNGA ,19821031,20-24,WG12,UNSP,,
000434846,NAME WITHHELD BY AGENCY,AFNGS ,19821029,40-44,GS12,10-14,,
000442879,NAME WITHHELD BY AGENCY,AFNGA ,19821025,20-24,WG11,UNSP,,
000443276,NAME WITHHELD BY AGENCY,AFNGS ,19821002,40-44,GS05,15-19,,
000449508,NAME WITHHELD BY AGENCY,AFNGA ,19821003,25-29,GS04,< 1,,
000455657,NAME WITHHELD BY AGENCY,AFNGA ,19821003,25-29,WG05,UNSP,,
000469617,NAME WITHHELD BY AGENCY,AFNGA ,19821017,30-34,GS04,UNSP,,
000469617,NAME WITHHELD BY AGENCY,AFNGS ,19821113,35-39,GS04,< 1,,
000492940,NAME WITHHELD BY AGENCY,AFNGS ,19821227,30-34,GS05,1-2,,
000493668,NAME WITHHELD BY AGENCY,AFNGA ,19821114,20-24,GS06,1-2,,
000501724,NAME WITHHELD BY AGENCY,AFNGS ,19821211,30-34,GS07,10-14,,
000502170,NAME WITHHELD BY AGENCY,AFNGS ,19821117,45-49,WG12,25-29,,
000517318,NAME WITHHELD BY AGENCY,AFNGS ,19821225,55-59,WS10,30-34,,
000521107,NAME WITHHELD BY AGENCY,AFNGS ,19821003,30-34,GS04,3-4,,
000537859,NAME WITHHELD BY AGENCY,AFNGA ,19821003,25-29,WG10,1-2,,
000540005,NAME WITHHELD BY AGENCY,AFNGS ,19821120,35-39,GS08,15-19,,
000542427,NAME WITHHELD BY AGENCY,AFNGA ,19821114,35-39,GS08,3-4,,
000544668,NAME WITHHELD BY AGENCY,AFNGS ,19821215,35-39,GS12,5-9,,
000551390,NAME WITHHELD BY AGENCY,AFNGS ,19821001,30-34,GS05,5-9,,
000558153,NAME WITHHELD BY AGENCY,AFNGA ,19821003,35-39,WG09,1-2,,
000566547,NAME WITHHELD BY AGENCY,AFNGS ,19821205,35-39,GS07,15-19,,
000583414,NAME WITHHELD BY AGENCY,AFNGS ,19821002,20-24,WG08,< 1,,
000653913,NAME WITHHELD BY AGENCY,AFNGS ,19821114,30-34,GS11,5-9,,
000681308,NAME WITHHELD BY AGENCY,AFNGA ,19821226,20-24,GS05,< 1,,
000697380,NAME WITHHELD BY AGENCY,AFNGA ,19821219,35-39,GS12,3-4,,
000698175,NAME WITHHELD BY AGENCY,AFNGA ,19821031,20-24,WG10,< 1,,
000715197,NAME WITHHELD BY AGENCY,AFNGS ,19821217,45-49,GS05,15-19,,
000720940,NAME WITHHELD BY AGENCY,AFNGS ,19821215,30-34,GS06,1-2,,
000728579,NAME WITHHELD BY AGENCY,AFNGA ,19821001,30-34,GS05,5-9,,
000728579,NAME WITHHELD BY AGENCY,AFNGS ,19821114,30-34,GS05,5-9,,
000734445,NAME WITHHELD BY AGENCY,AFNGA ,19821017,20-24,WG11,3-4,,
000754500,NAME WITHHELD BY AGENCY,AFNGA ,19821115,35-39,GS07,3-4,,
000769334,NAME WITHHELD BY AGENCY,AFNGS ,19821023,25-29,GS06,5-9,,
000770279,NAME WITHHELD BY AGENCY,AFNGS ,19821120,30-34,WG12,10-14,,
000782744,NAME WITHHELD BY AGENCY,AFNGS ,19821112,15-19,GS05,1-2,,
000802783,NAME WITHHELD BY AGENCY,AFNGS ,19821023,45-49,WG10,25-29,,
000803220,NAME WITHHELD BY AGENCY,AFNGA ,19821031,30-34,WG12,10-14,,
000808425,NAME WITHHELD BY AGENCY,AFNGA ,19821206,30-34,GM13,UNSP,,
000813885,NAME WITHHELD BY AGENCY,AFNGS ,19821127,35-39,GS05,5-9,,
000821542,NAME WITHHELD BY AGENCY,AFNGS ,19821030,45-49,WG06,25-29,,
000827031,NAME WITHHELD BY AGENCY,AFNGS ,19821127,25-29,GS04,3-4,,
000836091,NAME WITHHELD BY AGENCY,AFNGA ,19821128,40-44,WG10,UNSP,,
000836460,NAME WITHHELD BY AGENCY,AFNGS ,19821115,20-24,GS05,3-4,,
000844587,NAME WITHHELD BY AGENCY,AFNGS ,19821130,30-34,GS11,5-9,,
000853641,NAME WITHHELD BY AGENCY,AFNGA ,19821128,25-29,WG10,3-4,,
000857905,NAME WITHHELD BY AGENCY,AFNGS ,19821029,30-34,GS06,10-14,,
000862187,NAME WITHHELD BY AGENCY,AFNGA ,19821012,30-34,GS04,UNSP,,
000862187,NAME WITHHELD BY AGENCY,AFNGS ,19821126,30-34,GS04,< 1,,
000864647,NAME WITHHELD BY AGENCY,AFNGA ,19821024,20-24,WG06,3-4,,
000864647,NAME WITHHELD BY AGENCY,AFNGS ,19821225,25-29,WG06,3-4,,
000870244,NAME WITHHELD BY AGENCY,AFNGS ,19821002,35-39,WG11,10-14,,
000879188,NAME WITHHELD BY AGENCY,AFNGS ,19821212,30-34,WG10,5-9,,
000884579,NAME WITHHELD BY AGENCY,AFNGS ,19821119,30-34,WG12,5-9,,
000886717,NAME WITHHELD BY AGENCY,AFNGS ,19821118,30-34,WS07,15-19,,
000951661,NAME WITHHELD BY AGENCY,AFNGS ,19821016,20-24,GS06,5-9,,
000963222,NAME WITHHELD BY AGENCY,AFNGA ,19821025,20-24,WG10,5-9,,
000965333,NAME WITHHELD BY AGENCY,AFNGA ,19821025,20-24,GS06,3-4,,
000971002,NAME WITHHELD BY AGENCY,AFNGS ,19821211,25-29,WG12,5-9,,
000971805,NAME WITHHELD BY AGENCY,AFNGA ,19821114,20-24,WG04,UNSP,,
000973188,NAME WITHHELD BY AGENCY,AFNGA ,19821114,35-39,GS09,1-2,,
000977927,NAME WITHHELD BY AGENCY,AFNGA ,19821212,20-24,WG08,< 1,,
000998674,NAME WITHHELD BY AGENCY,AFNGA ,19821212,20-24,WG10,3-4,,
000999638,NAME WITHHELD BY AGENCY,AFNGA ,19821108,25-29,GS05,3-4,,
001001959,NAME WITHHELD BY AGENCY,AFNGA ,19821003,40-44,WG10,10-14,,
001016462,NAME WITHHELD BY AGENCY,AFNGS ,19821030,35-39,WG12,10-14,,
001030580,NAME WITHHELD BY AGENCY,AFNGS ,19821105,35-39,GS06,5-9,,
001032045,NAME WITHHELD BY AGENCY,AFNGS ,19821016,25-29,GS03,< 1,,
001057692,NAME WITHHELD BY AGENCY,AFNGS ,19821031,25-29,GS06,< 1,,
001059557,NAME WITHHELD BY AGENCY,AFNGS ,19821106,35-39,GS09,5-9,,
001060800,NAME WITHHELD BY AGENCY,AFNGA ,19821102,40-44,GS06,3-4,,
001063318,NAME WITHHELD BY AGENCY,AFNGS ,19821021,35-39,GS12,< 1,,
001065608,NAME WITHHELD BY AGENCY,AFNGA ,19821003,25-29,WG10,UNSP,,
001067330,NAME WITHHELD BY AGENCY,AFNGS ,19821104,15-19,GS05,< 1,,
001078373,NAME WITHHELD BY AGENCY,AFNGA ,19820104,25-29,GS05,UNSP,,
001097381,NAME WITHHELD BY AGENCY,AFNGS ,19821210,30-34,GS04,10-14,,
001108724,NAME WITHHELD BY AGENCY,AFNGA ,19821109,20-24,GS03,UNSP,,
001109782,NAME WITHHELD BY AGENCY,AFNGA ,19821205,25-29,GS07,5-9,,
001115279,NAME WITHHELD BY AGENCY,AFNGS ,19821028,20-24,GS04,3-4,,
001119838,NAME WITHHELD BY AGENCY,AFNGA ,19821108,25-29,WG08,3-4,,
001123386,NAME WITHHELD BY AGENCY,AFNGA ,19821006,15-19,GS05,< 1,,
001139838,NAME WITHHELD BY AGENCY,AFNGS ,19821225,50-54,WQ11,25-29,,
001167532,NAME WITHHELD BY AGENCY,AFNGA ,19821128,30-34,WG04,UNSP,,
001191646,NAME WITHHELD BY AGENCY,AFNGA ,19821212,25-29,WG10,< 1,,
001193811,NAME WITHHELD BY AGENCY,AFNGA ,19821003,25-29,WG09,1-2,,
001195903,NAME WITHHELD BY AGENCY,AFNGA ,19821022,35-39,WG10,UNSP,,
001195903,NAME WITHHELD BY AGENCY,AFNGS ,19821105,35-39,WG10,< 1,,
001202610,NAME WITHHELD BY AGENCY,AFNGA ,19821108,20-24,WG10,3-4,,
001218845,NAME WITHHELD BY AGENCY,AFNGA ,19821029,20-24,GS07,UNSP,,
001230123,NAME WITHHELD BY AGENCY,AFNGS ,19821003,25-29,WG10,< 1,,
001233919,NAME WITHHELD BY AGENCY,AFNGA ,19821004,25-29,WG10,3-4,,
001233919,NAME WITHHELD BY AGENCY,AFNGS ,19821130,20-24,WG10,3-4,,
001234205,NAME WITHHELD BY AGENCY,AFNGS ,19821118,35-39,GS10,< 1,,
001238406,NAME WITHHELD BY AGENCY,AFNGS ,19821016,30-34,GS05,5-9,,
001238536,NAME WITHHELD BY AGENCY,AFNGA ,19821031,35-39,WG04,< 1,,
001238857,NAME WITHHELD BY AGENCY,AFNGS ,19821211,25-29,GS06,5-9,,
001256891,NAME WITHHELD BY AGENCY,AFNGA ,19821003,30-34,GM13,3-4,,
001257919,NAME WITHHELD BY AGENCY,AFNGA ,19821003,25-29,GS07,5-9,,
001262811,NAME WITHHELD BY AGENCY,AFNGA ,19821220,30-34,GS07,1-2,,
001270797,NAME WITHHELD BY AGENCY,AFNGA ,19821128,20-24,WG10,UNSP,,
001277738,NAME WITHHELD BY AGENCY,AFNGS ,19821030,30-34,GS05,< 1,,
001294228,NAME WITHHELD BY AGENCY,AFNGA ,19821006,20-24,GS05,UNSP,,
001294228,NAME WITHHELD BY AGENCY,AFNGS ,19821104,25-29,GS05,< 1,,
001306388,NAME WITHHELD BY AGENCY,AFNGS ,19821002,40-44,WG07,< 1,,
001311786,NAME WITHHELD BY AGENCY,AFNGA ,19821003,25-29,GS07,UNSP,,
001313006,NAME WITHHELD BY AGENCY,AFNGS ,19821008,35-39,GM13,5-9,,
001332673,NAME WITHHELD BY AGENCY,AFNGS ,19821107,45-49,WS12,30-34,,
001335653,NAME WITHHELD BY AGENCY,AFNGA ,19821108,35-39,GS07,3-4,,
001338764,NAME WITHHELD BY AGENCY,AFNGS ,19821012,40-44,GS12,15-19,,
001342275,NAME WITHHELD BY AGENCY,AFNGA ,19821201,25-29,GS05,< 1,,
001344451,NAME WITHHELD BY AGENCY,AFNGS ,19821003,20-24,GS05,5-9,,
001344451,NAME WITHHELD BY AGENCY,AFNGS ,19821101,20-24,GS05,5-9,,
001349995,NAME WITHHELD BY AGENCY,AFNGA ,19821031,25-29,GS05,5-9,,
001349995,NAME WITHHELD BY AGENCY,AFNGS ,19821223,25-29,GS05,5-9,,
001350226,NAME WITHHELD BY AGENCY,AFNGA ,19821003,40-44,WG10,25-29,,
001358500,NAME WITHHELD BY AGENCY,AFNGS ,19821231,25-29,GS06,5-9,,
001363291,NAME WITHHELD BY AGENCY,AFNGS ,19821002,25-29,GS07,10-14,,
001367036,NAME WITHHELD BY AGENCY,AFNGS ,19821006,20-24,GS04,< 1,,
001374531,NAME WITHHELD BY AGENCY,AFNGS ,19821119,25-29,GS07,3-4,,
001375800,NAME WITHHELD BY AGENCY,AFNGA ,19821212,25-29,WG12,3-4,,
001375891,NAME WITHHELD BY AGENCY,AFNGA ,19821017,25-29,WG10,3-4,,
001389707,NAME WITHHELD BY AGENCY,AFNGS ,19821229,20-24,WG10,1-2,,
001414745,NAME WITHHELD BY AGENCY,AFNGA ,19821024,20-24,GS04,1-2,,
001414745,NAME WITHHELD BY AGENCY,AFNGS ,19821211,20-24,GS04,1-2,,
001415857,NAME WITHHELD BY AGENCY,AFNGS ,19821019,30-34,WG08,< 1,,
001480400,NAME WITHHELD BY AGENCY,AFNGS ,19821113,20-24,WG07,1-2,,
001488199,NAME WITHHELD BY AGENCY,AFNGA ,19821003,25-29,GS05,3-4,,
001488199,NAME WITHHELD BY AGENCY,AFNGS ,19821115,20-24,GS05,3-4,,
001494451,NAME WITHHELD BY AGENCY,AFNGA ,19821003,25-29,WG10,5-9,,
001511298,NAME WITHHELD BY AGENCY,AFNGA ,19821027,30-34,GS04,UNSP,,
001511298,NAME WITHHELD BY AGENCY,AFNGS ,19821223,30-34,GS04,< 1,,
001539651,NAME WITHHELD BY AGENCY,AFNGA ,19821003,25-29,WG08,< 1,,
001539651,NAME WITHHELD BY AGENCY,AFNGS ,19821130,25-29,WG08,< 1,,
001546596,NAME WITHHELD BY AGENCY,AFNGA ,19821003,25-29,WG10,5-9,,
001559647,NAME WITHHELD BY AGENCY,AFNGS ,19820821,20-24,WG10,5-9,,
001567471,NAME WITHHELD BY AGENCY,AFNGA ,19821213,20-24,WG10,UNSP,,
001576510,NAME WITHHELD BY AGENCY,AFNGA ,19821114,30-34,GS05,5-9,,
001580766,NAME WITHHELD BY AGENCY,AFNGA ,19821003,25-29,WG10,< 1,,
001586017,NAME WITHHELD BY AGENCY,AFNGA ,19821003,25-29,WG03,5-9,,
001609447,NAME WITHHELD BY AGENCY,AFNGA ,19821128,30-34,WG12,3-4,,
001619624,NAME WITHHELD BY AGENCY,AFNGA ,19821001,25-29,WG10,< 1,,
001622783,NAME WITHHELD BY AGENCY,AFNGS ,19821022,25-29,GS05,< 1,,
001624833,NAME WITHHELD BY AGENCY,AFNGA ,19821003,20-24,WG12,3-4,,
001633101,NAME WITHHELD BY AGENCY,AFNGA ,19821212,20-24,WG12,< 1,,
001639069,NAME WITHHELD BY AGENCY,AFNGA ,19821031,30-34,WG08,5-9,,
001642339,NAME WITHHELD BY AGENCY,AFNGS ,19821212,20-24,WG10,1-2,,
001651949,NAME WITHHELD BY AGENCY,AFNGA ,19821114,25-29,GS06,< 1,,
001663604,NAME WITHHELD BY AGENCY,AFNGS ,19821003,25-29,GS05,5-9,,
001681737,NAME WITHHELD BY AGENCY,AFNGS ,19821030,25-29,WG09,5-9,,
001700576,NAME WITHHELD BY AGENCY,AFNGS ,19821022,25-29,GS05,3-4,,
001742018,NAME WITHHELD BY AGENCY,AFNGS ,19821127,30-34,WG10,10-14,,
001744841,NAME WITHHELD BY AGENCY,AFNGA ,19821101,30-34,WG10,5-9,,
001746713,NAME WITHHELD BY AGENCY,AFNGA ,19821004,15-19,GS05,< 1,,
001746713,NAME WITHHELD BY AGENCY,AFNGS ,19821105,20-24,GS05,< 1,,
001772810,NAME WITHHELD BY AGENCY,AFNGS ,19821002,35-39,WG12,10-14,,
001780542,NAME WITHHELD BY AGENCY,AFNGA ,19821017,20-24,WG08,5-9,,
001780542,NAME WITHHELD BY AGENCY,AFNGS ,19821211,25-29,WG08,5-9,,
001792282,NAME WITHHELD BY AGENCY,AFNGA ,19821003,20-24,GS06,1-2,,
001794020,NAME WITHHELD BY AGENCY,AFNGA ,19821128,30-34,GS09,3-4,,
001808872,NAME WITHHELD BY AGENCY,AFNGA ,19821001,20-24,WG05,1-2,,
001810031,NAME WITHHELD BY AGENCY,AFNGS ,19821016,20-24,WG10,< 1,,
001827520,NAME WITHHELD BY AGENCY,AFNGA ,19821226,30-34,GS07,UNSP,,
001834288,NAME WITHHELD BY AGENCY,AFNGA ,19821013,20-24,WG05,1-2,,
001858711,NAME WITHHELD BY AGENCY,AFNGA ,19821128,30-34,GS05,UNSP,,
001871033,NAME WITHHELD BY AGENCY,AFNGA ,19821031,25-29,WG10,< 1,,
001930914,NAME WITHHELD BY AGENCY,AFNGS ,19820417,20-24,GS04,< 1,,
001932808,NAME WITHHELD BY AGENCY,AFNGA ,19821001,20-24,WG08,< 1,,
001961633,NAME WITHHELD BY AGENCY,AFNGA ,19821114,20-24,GS05,< 1,,
001963557,NAME WITHHELD BY AGENCY,AFNGA ,19821130,25-29,WG10,< 1,,
001979240,NAME WITHHELD BY AGENCY,AFNGA ,19821003,40-44,GS11,UNSP,,
001983688,NAME WITHHELD BY AGENCY,AFNGA ,19821024,25-29,WG08,3-4,,
001987557,NAME WITHHELD BY AGENCY,AFNGA ,19821012,30-34,WG10,3-4,,
001990864,NAME WITHHELD BY AGENCY,AFNGS ,19821113,20-24,WG05,< 1,,
001998691,NAME WITHHELD BY AGENCY,AFNGA ,19821003,20-24,GS07,5-9,,
002004861,NAME WITHHELD BY AGENCY,AFNGA ,19821108,35-39,GM13,< 1,,
002022137,NAME WITHHELD BY AGENCY,AFNGA ,19821012,30-34,GS07,UNSP,,
002025766,NAME WITHHELD BY AGENCY,AFNGS ,19821217,20-24,WG05,< 1,,
002066627,NAME WITHHELD BY AGENCY,AFNGA ,19821017,30-34,GS05,5-9,,
002078254,NAME WITHHELD BY AGENCY,AFNGS ,19821029,25-29,GS05,3-4,,
002081367,NAME WITHHELD BY AGENCY,AFNGA ,19821031,20-24,WG08,< 1,,
002105989,NAME WITHHELD BY AGENCY,AFNGS ,19821212,25-29,GS08,5-9,,
002129375,NAME WITHHELD BY AGENCY,AFNGA ,19821219,25-29,GS08,5-9,,
002138549,NAME WITHHELD BY AGENCY,AFNGA ,19821226,25-29,WG11,3-4,,
002148362,NAME WITHHELD BY AGENCY,AFNGS ,19821225,25-29,GS05,10-14,,
002157624,NAME WITHHELD BY AGENCY,AFNGA ,19821017,30-34,GS09,UNSP,,
002194013,NAME WITHHELD BY AGENCY,AFNGS ,19821022,25-29,GS04,3-4,,
002208189,NAME WITHHELD BY AGENCY,AFNGS ,19821230,25-29,WG08,< 1,,
002214712,NAME WITHHELD BY AGENCY,AFNGA ,19821205,25-29,WG05,< 1,,
002220296,NAME WITHHELD BY AGENCY,AFNGA ,19821003,25-29,GS05,5-9,,
002220296,NAME WITHHELD BY AGENCY,AFNGS ,19821102,25-29,GS05,5-9,,
002238800,NAME WITHHELD BY AGENCY,AFNGA ,19821017,35-39,GS09,3-4,,
002241274,NAME WITHHELD BY AGENCY,AFNGA ,19821003,30-34,GS11,5-9,,
002245324,NAME WITHHELD BY AGENCY,AFNGA ,19821121,30-34,GS05,5-9,,
002245324,NAME WITHHELD BY AGENCY,AFNGS ,19821223,30-34,GS05,5-9,,
002250011,NAME WITHHELD BY AGENCY,AFNGA ,19821025,25-29,WG08,1-2,,
002254674,NAME WITHHELD BY AGENCY,AFNGA ,19821012,25-29,WG06,1-2,,
002324652,NAME WITHHELD BY AGENCY,AFNGS ,19821204,35-39,GS12,10-14,,
002332416,NAME WITHHELD BY AGENCY,AFNGS ,19821001,30-34,GS03,< 1,,
002332416,NAME WITHHELD BY AGENCY,AFNGS ,19821023,30-34,GS03,< 1,,
002335340,NAME WITHHELD BY AGENCY,AFNGA ,19821107,25-29,GS12,1-2,,
002339171,NAME WITHHELD BY AGENCY,AFNGA ,19821024,25-29,WG10,3-4,,
002348295,NAME WITHHELD BY AGENCY,AFNGS ,19821225,25-29,WG12,5-9,,
002380552,NAME WITHHELD BY AGENCY,AFNGS ,19821230,25-29,WG10,< 1,,
002385042,NAME WITHHELD BY AGENCY,AFNGA ,19821001,20-24,WG10,1-2,,
002398729,NAME WITHHELD BY AGENCY,AFNGA ,19821207,15-19,GS04,UNSP,,
002403645,NAME WITHHELD BY AGENCY,AFNGS ,19821016,30-34,GS05,5-9,,
002417291,NAME WITHHELD BY AGENCY,AFNGS ,19821105,20-24,WG05,< 1,,
002436545,NAME WITHHELD BY AGENCY,AFNGA ,19821119,35-39,WG10,10-14,,
002443315,NAME WITHHELD BY AGENCY,AFNGS ,19821126,15-19,GS04,< 1,,
002461204,NAME WITHHELD BY AGENCY,AFNGA ,19820715,25-29,WG09,5-9,,
002461576,NAME WITHHELD BY AGENCY,AFNGA ,19821001,20-24,GS04,< 1,,
002461576,NAME WITHHELD BY AGENCY,AFNGS ,19821029,20-24,GS04,< 1,,
002462763,NAME WITHHELD BY AGENCY,AFNGS ,19821120,30-34,GS09,5-9,,
002463471,NAME WITHHELD BY AGENCY,AFNGA ,19821012,35-39,GS04,5-9,,
002464321,NAME WITHHELD BY AGENCY,AFNGS ,19821217,20-24,WG08,3-4,,
002491310,NAME WITHHELD BY AGENCY,AFNGA ,19821003,20-24,WG08,< 1,,
002493588,NAME WITHHELD BY AGENCY,AFNGA ,19821003,15-19,WG05,1-2,,
002540113,NAME WITHHELD BY AGENCY,AFNGS ,19821105,30-34,GS07,5-9,,
002549359,NAME WITHHELD BY AGENCY,AFNGA ,19821003,20-24,WG08,UNSP,,
002564879,NAME WITHHELD BY AGENCY,AFNGS ,19821030,20-24,GS05,1-2,,
002564879,NAME WITHHELD BY AGENCY,AFNGS ,19821101,20-24,GS05,1-2,,
002568465,NAME WITHHELD BY AGENCY,AFNGS ,19821002,25-29,GS04,3-4,,
002580548,NAME WITHHELD BY AGENCY,AFNGS ,19821003,30-34,GS05,5-9,,
002609577,NAME WITHHELD BY AGENCY,AFNGS ,19821002,20-24,GS04,1-2,,
002620052,NAME WITHHELD BY AGENCY,AFNGS ,19820102,25-29,GS06,1-2,,
002629587,NAME WITHHELD BY AGENCY,AFNGS ,19821016,30-34,WG10,5-9,,
002648017,NAME WITHHELD BY AGENCY,AFNGA ,19821012,25-29,WG08,UNSP,,
002653861,NAME WITHHELD BY AGENCY,AFNGS ,19821007,25-29,GS03,< 1,,
002658309,NAME WITHHELD BY AGENCY,AFNGA ,19821003,25-29,WG05,5-9,,
002658309,NAME WITHHELD BY AGENCY,AFNGS ,19821102,25-29,WG05,5-9,,
002664252,NAME WITHHELD BY AGENCY,AFNGS ,19821002,25-29,GS06,5-9,,
002675461,NAME WITHHELD BY AGENCY,AFNGA ,19821019,15-19,WG05,1-2,,
002676791,NAME WITHHELD BY AGENCY,AFNGA ,19821031,40-44,WG10,UNSP,,
002694831,NAME WITHHELD BY AGENCY,AFNGS ,19821203,20-24,WG10,3-4,,
002726798,NAME WITHHELD BY AGENCY,AFNGS ,19821112,30-34,WG11,10-14,,
002739660,NAME WITHHELD BY AGENCY,AFNGA ,19821205,25-29,WG03,UNSP,,
002758605,NAME WITHHELD BY AGENCY,AFNGS ,19821227,25-29,GS05,< 1,,
002759870,NAME WITHHELD BY AGENCY,AFNGA ,19821010,20-24,WG10,3-4,,
002770369,NAME WITHHELD BY AGENCY,AFNGA ,19821114,25-29,WG08,3-4,,
002773013,NAME WITHHELD BY AGENCY,AFNGS ,19821130,30-34,WG10,3-4,,
002780621,NAME WITHHELD BY AGENCY,AFNGS ,19821004,20-24,GS05,3-4,,
002791984,NAME WITHHELD BY AGENCY,AFNGS ,19821129,35-39,WG05,5-9,,
002795159,NAME WITHHELD BY AGENCY,AFNGA ,19821003,20-24,WG06,3-4,,
002832766,NAME WITHHELD BY AGENCY,AFNGS ,19821015,25-29,GS05,< 1,,
002842096,NAME WITHHELD BY AGENCY,AFNGS ,19821231,25-29,WG10,3-4,,
002845383,NAME WITHHELD BY AGENCY,AFNGA ,19821205,30-34,GS09,5-9,,
002863402,NAME WITHHELD BY AGENCY,AFNGS ,19821203,25-29,WG08,3-4,,
002864067,NAME WITHHELD BY AGENCY,AFNGA ,19821003,25-29,GS05,< 1,,
002879063,NAME WITHHELD BY AGENCY,AFNGA ,19821001,20-24,WG05,< 1,,
002879063,NAME WITHHELD BY AGENCY,AFNGS ,19821127,20-24,WG05,< 1,,
002883099,NAME WITHHELD BY AGENCY,AFNGS ,19821030,35-39,WG10,10-14,,
002884107,NAME WITHHELD BY AGENCY,AFNGA ,19821003,15-19,GS05,< 1,,
002884690,NAME WITHHELD BY AGENCY,AFNGS ,19821101,30-34,WG10,10-14,,
002890448,NAME WITHHELD BY AGENCY,AFNGS ,19821009,20-24,GS04,< 1,,
002895761,NAME WITHHELD BY AGENCY,AFNGA ,19821114,35-39,GM13,5-9,,
002895761,NAME WITHHELD BY AGENCY,AFNGS ,19821211,35-39,GM13,5-9,,
002898838,NAME WITHHELD BY AGENCY,AFNGA ,19821017,20-24,WG10,5-9,,
002902279,NAME WITHHELD BY AGENCY,AFNGA ,19821006,20-24,GS04,< 1,,
002902279,NAME WITHHELD BY AGENCY,AFNGS ,19821102,20-24,GS04,< 1,,
002907420,NAME WITHHELD BY AGENCY,AFNGA ,19821207,30-34,WG10,UNSP,,
002911343,NAME WITHHELD BY AGENCY,AFNGA ,19821108,30-34,WG10,< 1,,
002918298,NAME WITHHELD BY AGENCY,AFNGA ,19821206,25-29,GS12,5-9,,
002942088,NAME WITHHELD BY AGENCY,AFNGS ,19821015,25-29,WG11,5-9,,
002953022,NAME WITHHELD BY AGENCY,AFNGS ,19821004,30-34,GS05,5-9,,
002956423,NAME WITHHELD BY AGENCY,AFNGA ,19821003,30-34,GS08,< 1,,
002977038,NAME WITHHELD BY AGENCY,AFNGA ,19821012,25-29,WG05,5-9,,
003001312,NAME WITHHELD BY AGENCY,AFNGS ,19821002,30-34,GS04,3-4,,
003005999,NAME WITHHELD BY AGENCY,AFNGS ,19821002,25-29,GS06,5-9,,
003013464,NAME WITHHELD BY AGENCY,AFNGS ,19821030,20-24,WG08,< 1,,
003020530,NAME WITHHELD BY AGENCY,AFNGA ,19821003,30-34,GS06,10-14,,
003033167,NAME WITHHELD BY AGENCY,AFNGA ,19821128,30-34,WG10,UNSP,,
003120383,NAME WITHHELD BY AGENCY,AFNGA ,19821226,15-19,WG05,UNSP,,
003148311,NAME WITHHELD BY AGENCY,AFNGA ,19821001,25-29,WG10,3-4,,
003152978,NAME WITHHELD BY AGENCY,AFNGS ,19821002,40-44,WG10,15-19,,
003153744,NAME WITHHELD BY AGENCY,AFNGA ,19821013,35-39,GM13,5-9,,
003153744,NAME WITHHELD BY AGENCY,AFNGS ,19821113,35-39,GM13,5-9,,
003158435,NAME WITHHELD BY AGENCY,AFNGA ,19821003,25-29,WG08,3-4,,
003163366,NAME WITHHELD BY AGENCY,AFNGA ,19821212,15-19,GS04,UNSP,,
003169524,NAME WITHHELD BY AGENCY,AFNGS ,19821002,25-29,WG09,3-4,,
003171505,NAME WITHHELD BY AGENCY,AFNGA ,19821017,20-24,WG09,< 1,,
003171914,NAME WITHHELD BY AGENCY,AFNGS ,19821230,50-54,GS08,25-29,,
003188793,NAME WITHHELD BY AGENCY,AFNGS ,19821112,45-49,GS07,25-29,,
003224688,NAME WITHHELD BY AGENCY,AFNGA ,19821003,20-24,WG05,< 1,,
003225712,NAME WITHHELD BY AGENCY,AFNGS ,19821028,25-29,WG10,1-2,,
003251611,NAME WITHHELD BY AGENCY,AFNGA ,19821102,40-44,GS09,15-19,,
003261818,NAME WITHHELD BY AGENCY,AFNGA ,19821003,35-39,WG06,5-9,,
003267606,NAME WITHHELD BY AGENCY,AFNGS ,19821231,25-29,GS07,5-9,,
003282652,NAME WITHHELD BY AGENCY,AFNGS ,19821008,25-29,GS05,1-2,,
003297155,NAME WITHHELD BY AGENCY,AFNGA ,19821003,35-39,WG12,10-14,,
003300682,NAME WITHHELD BY AGENCY,AFNGA ,19821107,35-39,GS12,5-9,,
003304208,NAME WITHHELD BY AGENCY,AFNGA ,19821018,25-29,GS07,3-4,,
003305128,NAME WITHHELD BY AGENCY,AFNGA ,19821003,45-49,GS07,1-2,,
003311687,NAME WITHHELD BY AGENCY,AFNGA ,19821201,25-29,GS05,5-9,,
003316906,NAME WITHHELD BY AGENCY,AFNGA ,19821101,45-49,GS10,15-19,,
003340470,NAME WITHHELD BY AGENCY,AFNGA ,19821012,20-24,WG05,1-2,,
003370179,NAME WITHHELD BY AGENCY,AFNGA ,19821025,20-24,WG05,UNSP,,
003374065,NAME WITHHELD BY AGENCY,AFNGS ,19821015,25-29,GS05,3-4,,
003378126,NAME WITHHELD BY AGENCY,AFNGA ,19821001,35-39,GS05,5-9,,
003378126,NAME WITHHELD BY AGENCY,AFNGS ,19821114,35-39,GS05,5-9,,
003378250,NAME WITHHELD BY AGENCY,AFNGA ,19821212,20-24,WG10,5-9,,
003394674,NAME WITHHELD BY AGENCY,AFNGS ,19821115,40-44,GS05,5-9,,
003394794,NAME WITHHELD BY AGENCY,AFNGS ,19821211,30-34,GS06,5-9,,
003401220,NAME WITHHELD BY AGENCY,AFNGA ,19821003,35-39,GS09,15-19,,
003402467,NAME WITHHELD BY AGENCY,AFNGS ,19821225,35-39,WS09,15-19,,
003403893,NAME WITHHELD BY AGENCY,AFNGA ,19821004,35-39,GS05,3-4,,
003403893,NAME WITHHELD BY AGENCY,AFNGS ,19821014,40-44,GS05,3-4,,
003414320,NAME WITHHELD BY AGENCY,AFNGS ,19821204,35-39,WS09,5-9,,
003416984,NAME WITHHELD BY AGENCY,AFNGA ,19821017,35-39,GS05,UNSP,,
003420055,NAME WITHHELD BY AGENCY,AFNGA ,19821212,30-34,GS04,3-4,,
003442164,NAME WITHHELD BY AGENCY,AFNGA ,19821128,25-29,WG12,UNSP,,
003446184,NAME WITHHELD BY AGENCY,AFNGA ,19821114,40-44,GS11,UNSP,,
003458101,NAME WITHHELD BY AGENCY,AFNGA ,19821031,25-29,GS04,< 1,,
003459660,NAME WITHHELD BY AGENCY,AFNGA ,19821031,25-29,WG12,UNSP,,
003470213,NAME WITHHELD BY AGENCY,AFNGS ,19821113,25-29,GS06,5-9,,
003475875,NAME WITHHELD BY AGENCY,AFNGS ,19821015,30-34,GS05,5-9,,
003482229,NAME WITHHELD BY AGENCY,AFNGS ,19821130,30-34,GS05,5-9,,
003490081,NAME WITHHELD BY AGENCY,AFNGS ,19821113,40-44,GS05,3-4,,
003491300,NAME WITHHELD BY AGENCY,AFNGS ,19821127,35-39,WG10,15-19,,
003493305,NAME WITHHELD BY AGENCY,AFNGA ,19821215,35-39,GS09,5-9,,
003494806,NAME WITHHELD BY AGENCY,AFNGS ,19821116,20-24,GS05,1-2,,
003498393,NAME WITHHELD BY AGENCY,AFNGA ,19821212,35-39,WG12,10-14,,
003518500,NAME WITHHELD BY AGENCY,AFNGS ,19821211,25-29,WG05,10-14,,
003527993,NAME WITHHELD BY AGENCY,AFNGS ,19821113,35-39,GS08,10-14,,
003533986,NAME WITHHELD BY AGENCY,AFNGA ,19821018,45-49,GS05,3-4,,
003533986,NAME WITHHELD BY AGENCY,AFNGS ,19821105,45-49,GS05,3-4,,
003542933,NAME WITHHELD BY AGENCY,AFNGS ,19821228,25-29,GS06,5-9,,
003543937,NAME WITHHELD BY AGENCY,AFNGA ,19821031,30-34,GM13,5-9,,
003568985,NAME WITHHELD BY AGENCY,AFNGS ,19821021,30-34,GS08,10-14,,
003582279,NAME WITHHELD BY AGENCY,AFNGS ,19821114,30-34,GS07,5-9,,
003585379,NAME WITHHELD BY AGENCY,AFNGA ,19821017,25-29,GS08,1-2,,
003587401,NAME WITHHELD BY AGENCY,AFNGA ,19821003,25-29,WG08,1-2,,
003587959,NAME WITHHELD BY AGENCY,AFNGA ,19821003,40-44,GS05,5-9,,
003590254,NAME WITHHELD BY AGENCY,AFNGS ,19821204,30-34,WG10,1-2,,
003598432,NAME WITHHELD BY AGENCY,AFNGA ,19821003,20-24,GS07,1-2,,
003604604,NAME WITHHELD BY AGENCY,AFNGS ,19821001,20-24,GS05,5-9,,
003620939,NAME WITHHELD BY AGENCY,AFNGA ,19821003,25-29,WG10,5-9,,
003630551,NAME WITHHELD BY AGENCY,AFNGA ,19821114,20-24,GS08,1-2,,
003668098,NAME WITHHELD BY AGENCY,AFNGA ,19821017,20-24,GS05,< 1,,
003668098,NAME WITHHELD BY AGENCY,AFNGS ,19821115,20-24,GS05,< 1,,
003700500,NAME WITHHELD BY AGENCY,AFNGS ,19821127,30-34,WG12,10-14,,
003718321,NAME WITHHELD BY AGENCY,AFNGS ,19821108,50-54,GS07,20-24,,
003735577,NAME WITHHELD BY AGENCY,AFNGS ,19821016,20-24,WG08,< 1,,
003749656,NAME WITHHELD BY AGENCY,AFNGA ,19821017,15-19,WG10,3-4,,
003754404,NAME WITHHELD BY AGENCY,AFNGS ,19821231,35-39,WG08,3-4,,
003757027,NAME WITHHELD BY AGENCY,AFNGS ,19821231,60-64,GS11,30-34,,
003770294,NAME WITHHELD BY AGENCY,AFNGA ,19821206,30-34,WG08,3-4,,
003780966,NAME WITHHELD BY AGENCY,AFNGS ,19821002,55-59,GS11,5-9,,
003782470,NAME WITHHELD BY AGENCY,AFNGS ,19821231,35-39,WG11,5-9,,
003785800,NAME WITHHELD BY AGENCY,AFNGA ,19821017,40-44,WG05,15-19,,
003786683,NAME WITHHELD BY AGENCY,AFNGA ,19821003,25-29,WG08,1-2,,
003790360,NAME WITHHELD BY AGENCY,AFNGA ,19821214,20-24,WG05,UNSP,,
003799581,NAME WITHHELD BY AGENCY,AFNGA ,19821003,30-34,WG08,10-14,,
003835272,NAME WITHHELD BY AGENCY,AFNGS ,19821212,30-34,GM13,5-9,,
003842336,NAME WITHHELD BY AGENCY,AFNGS ,19821008,35-39,WG10,5-9,,
003842629,NAME WITHHELD BY AGENCY,AFNGS ,19821002,35-39,GM13,10-14,,
003844344,NAME WITHHELD BY AGENCY,AFNGS ,19821203,30-34,GS05,5-9,,
003846791,NAME WITHHELD BY AGENCY,AFNGS ,19821012,35-39,GS07,5-9,,
003847500,NAME WITHHELD BY AGENCY,AFNGS ,19821210,55-59,GM13,25-29,,
003849936,NAME WITHHELD BY AGENCY,AFNGS ,19821211,35-39,GS06,10-14,,
003851741,NAME WITHHELD BY AGENCY,AFNGS ,19821027,40-44,WG10,10-14,,
003872630,NAME WITHHELD BY AGENCY,AFNGA ,19821114,30-34,WG10,3-4,,
003879446,NAME WITHHELD BY AGENCY,AFNGA ,19821031,30-34,GS12,UNSP,,
003884540,NAME WITHHELD BY AGENCY,AFNGS ,19821030,30-34,GS05,5-9,,
003884540,NAME WITHHELD BY AGENCY,AFNGS ,19821101,30-34,GS05,5-9,,
003889190,NAME WITHHELD BY AGENCY,AFNGA ,19821003,25-29,GS05,1-2,,
003892685,NAME WITHHELD BY AGENCY,AFNGA ,19821004,30-34,WG10,5-9,,
003892685,NAME WITHHELD BY AGENCY,AFNGS ,19821130,30-34,WG10,5-9,,
003893484,NAME WITHHELD BY AGENCY,AFNGA ,19821017,35-39,GS10,3-4,,
003909976,NAME WITHHELD BY AGENCY,AFNGS ,19821225,55-59,WS09,30-34,,
003943512,NAME WITHHELD BY AGENCY,AFNGS ,19821001,20-24,GS04,< 1,,
003943512,NAME WITHHELD BY AGENCY,AFNGS ,19821012,25-29,GS04,< 1,,
003974249,NAME WITHHELD BY AGENCY,AFNGA ,19821031,25-29,GS05,< 1,,
003976635,NAME WITHHELD BY AGENCY,AFNGS ,19821231,25-29,GS03,1-2,,
003988551,NAME WITHHELD BY AGENCY,AFNGA ,19821018,35-39,WG10,3-4,,
004007211,NAME WITHHELD BY AGENCY,AFNGS ,19821009,30-34,GM13,5-9,,
004007211,NAME WITHHELD BY AGENCY,AFNGA ,19821013,30-34,GM13,5-9,,
004038095,NAME WITHHELD BY AGENCY,AFNGA ,19821004,20-24,WG08,UNSP,,
004038095,NAME WITHHELD BY AGENCY,AFNGS ,19821130,25-29,WG08,< 1,,
004038544,NAME WITHHELD BY AGENCY,AFNGS ,19821003,25-29,GS05,3-4,,
004041228,NAME WITHHELD BY AGENCY,AFNGS ,19821030,30-34,GS07,15-19,,
004041228,NAME WITHHELD BY AGENCY,AFNGS ,19821101,35-39,GS07,15-19,,
004044617,NAME WITHHELD BY AGENCY,AFNGA ,19821003,35-39,WG08,< 1,,
004048515,NAME WITHHELD BY AGENCY,AFNGA ,19821003,25-29,GS06,3-4,,
004049992,NAME WITHHELD BY AGENCY,AFNGA ,19821031,15-19,GS05,UNSP,,
004069944,NAME WITHHELD BY AGENCY,AFNGS ,19821008,45-49,WG10,25-29,,
004070960,NAME WITHHELD BY AGENCY,AFNGA ,19821206,30-34,GS05,< 1,,
004089370,NAME WITHHELD BY AGENCY,AFNGS ,19821231,40-44,GS09,25-29,,
004090373,NAME WITHHELD BY AGENCY,AFNGS ,19821030,25-29,GS05,5-9,,
004102409,NAME WITHHELD BY AGENCY,AFNGS ,19821002,40-44,WG13,25-29,,
004106229,NAME WITHHELD BY AGENCY,AFNGS ,19821202,30-34,GS05,5-9,,
004106405,NAME WITHHELD BY AGENCY,AFNGA ,19821017,30-34,WG06,3-4,,
004106405,NAME WITHHELD BY AGENCY,AFNGS ,19821127,25-29,WG06,3-4,,
004121656,NAME WITHHELD BY AGENCY,AFNGA ,19821220,45-49,GS05,UNSP,,
004123312,NAME WITHHELD BY AGENCY,AFNGA ,19821128,25-29,WG11,3-4,,
004124280,NAME WITHHELD BY AGENCY,AFNGS ,19821127,45-49,WG12,25-29,,
004160424,NAME WITHHELD BY AGENCY,AFNGA ,19821107,35-39,GS07,3-4,,
004167985,NAME WITHHELD BY AGENCY,AFNGA ,19821003,25-29,GS05,< 1,,
004172960,NAME WITHHELD BY AGENCY,AFNGS ,19821106,30-34,GS07,5-9,,
004182096,NAME WITHHELD BY AGENCY,AFNGA ,19821003,35-39,GS06,3-4,,
004188293,NAME WITHHELD BY AGENCY,AFNGA ,19821203,25-29,GS08,3-4,,
004192148,NAME WITHHELD BY AGENCY,AFNGS ,19821030,25-29,GS07,5-9,,
004192148,NAME WITHHELD BY AGENCY,AFNGS ,19821101,25-29,GS07,5-9,,
004194175,NAME WITHHELD BY AGENCY,AFNGA ,19821207,40-44,WG05,3-4,,
004196236,NAME WITHHELD BY AGENCY,AFNGS ,19821030,35-39,GS09,10-14,,
004201344,NAME WITHHELD BY AGENCY,AFNGA ,19821025,30-34,WG10,< 1,,
004221353,NAME WITHHELD BY AGENCY,AFNGS ,19821001,30-34,GM13,5-9,,
004228901,NAME WITHHELD BY AGENCY,AFNGS ,19821003,30-34,WG12,10-14,,
004234203,NAME WITHHELD BY AGENCY,AFNGA ,19821206,40-44,GS07,15-19,,
004236742,NAME WITHHELD BY AGENCY,AFNGA ,19821003,45-49,GS09,UNSP,,
004236742,NAME WITHHELD BY AGENCY,AFNGS ,19821230,45-49,GS09,< 1,,
004249753,NAME WITHHELD BY AGENCY,AFNGA ,19821004,30-34,GS05,UNSP,,
004249753,NAME WITHHELD BY AGENCY,AFNGS ,19821202,30-34,GS05,< 1,,
004253273,NAME WITHHELD BY AGENCY,AFNGS ,19821120,30-34,WG10,10-14,,
004261333,NAME WITHHELD BY AGENCY,AFNGS ,19821225,35-39,WG10,3-4,,
004273988,NAME WITHHELD BY AGENCY,AFNGA ,19821227,30-34,GS12,10-14,,
004283468,NAME WITHHELD BY AGENCY,AFNGA ,19821128,30-34,GS06,1-2,,
004285539,NAME WITHHELD BY AGENCY,AFNGA ,19821114,45-49,GS09,5-9,,
004295575,NAME WITHHELD BY AGENCY,AFNGA ,19821001,25-29,GS05,3-4,,
004295575,NAME WITHHELD BY AGENCY,AFNGS ,19821119,25-29,GS05,3-4,,
004301747,NAME WITHHELD BY AGENCY,AFNGA ,19821108,30-34,WG10,5-9,,
004304062,NAME WITHHELD BY AGENCY,AFNGA ,19821220,30-34,GS09,1-2,,
004307808,NAME WITHHELD BY AGENCY,AFNGA ,19821003,30-34,GS05,5-9,,
004307875,NAME WITHHELD BY AGENCY,AFNGS ,19821217,35-39,GS09,10-14,,
004314245,NAME WITHHELD BY AGENCY,AFNGS ,19821015,20-24,WG11,< 1,,
004314245,NAME WITHHELD BY AGENCY,AFNGA ,19821129,20-24,WG08,< 1,,
004318065,NAME WITHHELD BY AGENCY,AFNGS ,19821003,30-34,GS08,5-9,,
004335458,NAME WITHHELD BY AGENCY,AFNGS ,19821003,35-39,GS07,10-14,,
004339835,NAME WITHHELD BY AGENCY,AFNGA ,19821114,25-29,GS05,UNSP,,
004352720,NAME WITHHELD BY AGENCY,AFNGS ,19821120,45-49,GS05,10-14,,
004364537,NAME WITHHELD BY AGENCY,AFNGA ,19821003,30-34,WG08,3-4,,
004384782,NAME WITHHELD BY AGENCY,AFNGA ,19821003,35-39,WG09,3-4,,
004384782,NAME WITHHELD BY AGENCY,AFNGS ,19821112,40-44,WG09,3-4,,
004395561,NAME WITHHELD BY AGENCY,AFNGS ,19821002,30-34,GS12,5-9,,
004403294,NAME WITHHELD BY AGENCY,AFNGA ,19821003,15-19,GS05,< 1,,
004407615,NAME WITHHELD BY AGENCY,AFNGA ,19821212,30-34,WG10,UNSP,,
004429501,NAME WITHHELD BY AGENCY,AFNGS ,19821112,35-39,GS11,5-9,,
004431022,NAME WITHHELD BY AGENCY,AFNGA ,19821003,30-34,WG10,10-14,,
004435351,NAME WITHHELD BY AGENCY,AFNGA ,19821003,30-34,GS05,< 1,,
004441835,NAME WITHHELD BY AGENCY,AFNGS ,19821225,30-34,GM13,5-9,,
004442820,NAME WITHHELD BY AGENCY,AFNGA ,19821226,25-29,WG04,UNSP,,
004506241,NAME WITHHELD BY AGENCY,AFNGS ,19821225,30-34,GS11,5-9,,
004507940,NAME WITHHELD BY AGENCY,AFNGS ,19821120,25-29,GS05,10-14,,
004520318,NAME WITHHELD BY AGENCY,AFNGA ,19821128,25-29,WG10,5-9,,
004521267,NAME WITHHELD BY AGENCY,AFNGS ,19821002,20-24,WG09,< 1,,
004576751,NAME WITHHELD BY AGENCY,AFNGS ,19821130,20-24,WG08,1-2,,
004576896,NAME WITHHELD BY AGENCY,AFNGA ,19821017,20-24,WG10,UNSP,,
004581573,NAME WITHHELD BY AGENCY,AFNGS ,19821012,20-24,WG10,< 1,,
004624254,NAME WITHHELD BY AGENCY,AFNGS ,19821123,25-29,WG08,< 1,,
004652912,NAME WITHHELD BY AGENCY,AFNGS ,19821002,55-59,GS08,25-29,,
004665258,NAME WITHHELD BY AGENCY,AFNGS ,19821031,55-59,GS09,30-34,,
004679571,NAME WITHHELD BY AGENCY,AFNGS ,19821231,55-59,GS11,30-34,,
004686517,NAME WITHHELD BY AGENCY,AFNGA ,19821031,35-39,GS12,< 1,,
004720837,NAME WITHHELD BY AGENCY,AFNGS ,19821225,55-59,GS05,20-24,,
004731446,NAME WITHHELD BY AGENCY,AFNGS ,19821231,60-64,WS09,30-34,,
004736770,NAME WITHHELD BY AGENCY,AFNGS ,19821003,55-59,GS06,5-9,,
004740190,NAME WITHHELD BY AGENCY,AFNGS ,19821011,55-59,GM13,20-24,,
004742025,NAME WITHHELD BY AGENCY,AFNGS ,19821030,50-54,WS09,30-34,,
004742836,NAME WITHHELD BY AGENCY,AFNGA ,19821226,50-54,WG13,1-2,,
004754005,NAME WITHHELD BY AGENCY,AFNGS ,19821025,60-64,GS09,25-29,,
004757591,NAME WITHHELD BY AGENCY,AFNGS ,19821020,60-64,GS06,25-29,,
004766617,NAME WITHHELD BY AGENCY,AFNGS ,19821231,55-59,WS09,30-34,,
004785564,NAME WITHHELD BY AGENCY,AFNGS ,19821030,55-59,GS05,25-29,,
004800777,NAME WITHHELD BY AGENCY,AFNGS ,19821127,60-64,GS07,30-34,,
004803618,NAME WITHHELD BY AGENCY,AFNGS ,19821127,55-59,GS07,25-29,,
004808092,NAME WITHHELD BY AGENCY,AFNGS ,19821110,60-64,WG10,20-24,,
004821871,NAME WITHHELD BY AGENCY,AFNGS ,19821208,60-64,WS10,20-24,,
004829707,NAME WITHHELD BY AGENCY,AFNGS ,19821127,55-59,GS05,30-34,,
004845248,NAME WITHHELD BY AGENCY,AFNGS ,19821019,60-64,WS12,30-34,,
004845817,NAME WITHHELD BY AGENCY,AFNGS ,19821231,55-59,WS10,30-34,,
004848814,NAME WITHHELD BY AGENCY,AFNGS ,19821113,50-54,WS09,25-29,,
004897123,NAME WITHHELD BY AGENCY,AFNGA ,19821017,20-24,WG06,3-4,,
004918318,NAME WITHHELD BY AGENCY,AFNGA ,19821001,25-29,GS05,1-2,,
004920706,NAME WITHHELD BY AGENCY,AFNGA ,19821115,25-29,WG07,UNSP,,
004940440,NAME WITHHELD BY AGENCY,AFNGA ,19821001,20-24,WG12,3-4,,
004957482,NAME WITHHELD BY AGENCY,AFNGS ,19821204,30-34,GS04,3-4,,
004967315,NAME WITHHELD BY AGENCY,AFNGS ,19821105,20-24,GS04,5-9,,
004997563,NAME WITHHELD BY AGENCY,AFNGS ,19821212,20-24,WG06,1-2,,
005049114,NAME WITHHELD BY AGENCY,AFNGS ,19821026,20-24,GS06,3-4,,
005073305,NAME WITHHELD BY AGENCY,AFNGS ,19821105,55-59,GS07,20-24,,
005146025,NAME WITHHELD BY AGENCY,AFNGA ,19821017,25-29,GS05,5-9,,
005150183,NAME WITHHELD BY AGENCY,AFNGS ,19821101,25-29,WG05,5-9,,
005150470,NAME WITHHELD BY AGENCY,AFNGA ,19821017,25-29,WG10,< 1,,
005193850,NAME WITHHELD BY AGENCY,AFNGA ,19821001,20-24,GS04,< 1,,
005274019,NAME WITHHELD BY AGENCY,AFNGS ,19821127,60-64,GS05,30-34,,
005330384,NAME WITHHELD BY AGENCY,AFNGS ,19821231,55-59,GS12,20-24,,
005365197,NAME WITHHELD BY AGENCY,AFNGS ,19821210,55-59,WG06,30-34,,
005383402,NAME WITHHELD BY AGENCY,AFNGS ,19821016,60-64,GM13,30-34,,
005398844,NAME WITHHELD BY AGENCY,AFNGS ,19821104,55-59,GS08,25-29,,
005422698,NAME WITHHELD BY AGENCY,AFNGA ,19821031,30-34,WU07,UNSP,,
005437654,NAME WITHHELD BY AGENCY,AFNGA ,19821003,55-59,WG06,15-19,,
005445622,NAME WITHHELD BY AGENCY,AFNGS ,19821231,55-59,GS08,30-34,,
005499338,NAME WITHHELD BY AGENCY,AFNGA ,19821029,15-19,GS04,UNSP,,
005499338,NAME WITHHELD BY AGENCY,AFNGS ,19821209,20-24,GS04,< 1,,
005511407,NAME WITHHELD BY AGENCY,AFNGS ,19821216,25-29,WG10,3-4,,
005523154,NAME WITHHELD BY AGENCY,AFNGA ,19821004,30-34,WG10,3-4,,
005524920,NAME WITHHELD BY AGENCY,AFNGA ,19821005,15-19,WG04,UNSP,,
005524920,NAME WITHHELD BY AGENCY,AFNGS ,19821127,20-24,WG04,< 1,,
005541988,NAME WITHHELD BY AGENCY,AFNGA ,19821101,25-29,WG12,5-9,,
005545904,NAME WITHHELD BY AGENCY,AFNGA ,19821001,20-24,WG11,UNSP,,
005545904,NAME WITHHELD BY AGENCY,AFNGS ,19821113,25-29,WG11,< 1,,
005550975,NAME WITHHELD BY AGENCY,AFNGA ,19821121,25-29,WG05,1-2,,
005566921,NAME WITHHELD BY AGENCY,AFNGS ,19821226,20-24,GS05,1-2,,
005586284,NAME WITHHELD BY AGENCY,AFNGS ,19821211,35-39,GS09,10-14,,
005586662,NAME WITHHELD BY AGENCY,AFNGA ,19821031,20-24,WG10,3-4,,
005586662,NAME WITHHELD BY AGENCY,AFNGS ,19821231,20-24,WG10,3-4,,
005589667,NAME WITHHELD BY AGENCY,AFNGA ,19821001,25-29,WG05,< 1,,
005589667,NAME WITHHELD BY AGENCY,AFNGS ,19821113,25-29,WG05,< 1,,
005594953,NAME WITHHELD BY AGENCY,AFNGA ,19821031,25-29,WG10,< 1,,
005605258,NAME WITHHELD BY AGENCY,AFNGS ,19821225,35-39,WG12,10-14,,
005605386,NAME WITHHELD BY AGENCY,AFNGA ,19821226,25-29,WG11,3-4,,
005606085,NAME WITHHELD BY AGENCY,AFNGS ,19821120,25-29,GS08,5-9,,
005607659,NAME WITHHELD BY AGENCY,AFNGA ,19821004,25-29,WG10,3-4,,
005611027,NAME WITHHELD BY AGENCY,AFNGA ,19821025,30-34,WG11,5-9,,
005612550,NAME WITHHELD BY AGENCY,AFNGS ,19821211,25-29,GS04,< 1,,
005646583,NAME WITHHELD BY AGENCY,AFNGA ,19821013,20-24,GS05,< 1,,
005698245,NAME WITHHELD BY AGENCY,AFNGA ,19821031,20-24,WG12,< 1,,
005702469,NAME WITHHELD BY AGENCY,AFNGA ,19821031,25-29,WG10,5-9,,
005702469,NAME WITHHELD BY AGENCY,AFNGS ,19821211,20-24,WG10,5-9,,
005714237,NAME WITHHELD BY AGENCY,AFNGA ,19821018,25-29,GS04,UNSP,,
005728600,NAME WITHHELD BY AGENCY,AFNGS ,19821106,25-29,WG10,1-2,,
005748722,NAME WITHHELD BY AGENCY,AFNGA ,19821031,25-29,WG10,UNSP,,
005753406,NAME WITHHELD BY AGENCY,AFNGS ,19821215,25-29,WG07,3-4,,
005768702,NAME WITHHELD BY AGENCY,AFNGA ,19821003,25-29,GS05,1-2,,
005768702,NAME WITHHELD BY AGENCY,AFNGS ,19821030,25-29,GS05,1-2,,
005774802,NAME WITHHELD BY AGENCY,AFNGA ,19821128,30-34,WG11,UNSP,,
005776054,NAME WITHHELD BY AGENCY,AFNGA ,19821012,25-29,GS05,UNSP,,
005794595,NAME WITHHELD BY AGENCY,AFNGA ,19821212,30-34,GS12,UNSP,,
005823492,NAME WITHHELD BY AGENCY,AFNGS ,19821120,30-34,GS06,< 1,,
005842090,NAME WITHHELD BY AGENCY,AFNGA ,19821003,35-39,GS07,3-4,,
005862114,NAME WITHHELD BY AGENCY,AFNGA ,19821212,20-24,WG10,< 1,,
005867336,NAME WITHHELD BY AGENCY,AFNGA ,19821214,15-19,WG05,UNSP,,
005869188,NAME WITHHELD BY AGENCY,AFNGA ,19821006,35-39,WG10,5-9,,
005883388,NAME WITHHELD BY AGENCY,AFNGA ,19821129,20-24,WG10,< 1,,
005904306,NAME WITHHELD BY AGENCY,AFNGS ,19821115,20-24,GS05,< 1,,
005940329,NAME WITHHELD BY AGENCY,AFNGS ,19821211,40-44,GS09,15-19,,
005945887,NAME WITHHELD BY AGENCY,AFNGA ,19821003,30-34,WG12,< 1,,
005947980,NAME WITHHELD BY AGENCY,AFNGA ,19821012,20-24,WG10,3-4,,
005969608,NAME WITHHELD BY AGENCY,AFNGA ,19821206,20-24,WG09,3-4,,
005975483,NAME WITHHELD BY AGENCY,AFNGA ,19821025,20-24,WG05,< 1,,
005976991,NAME WITHHELD BY AGENCY,AFNGA ,19821227,35-39,GS08,3-4,,
005984166,NAME WITHHELD BY AGENCY,AFNGA ,19821101,35-39,GM13,10-14,,
006007236,NAME WITHHELD BY AGENCY,AFNGA ,19821003,20-24,GS05,3-4,,
006009696,NAME WITHHELD BY AGENCY,AFNGS ,19821015,20-24,GS04,< 1,,
006015304,NAME WITHHELD BY AGENCY,AFNGA ,19821114,35-39,GS12,5-9,,
006017713,NAME WITHHELD BY AGENCY,AFNGA ,19821128,25-29,GS05,5-9,,
006042039,NAME WITHHELD BY AGENCY,AFNGS ,19821226,20-24,GS07,5-9,,
006046322,NAME WITHHELD BY AGENCY,AFNGA ,19821206,20-24,WG10,3-4,,
006049980,NAME WITHHELD BY AGENCY,AFNGS ,19821023,40-44,GS05,< 1,,
006055905,NAME WITHHELD BY AGENCY,AFNGA ,19821018,25-29,GS11,1-2,,
006061389,NAME WITHHELD BY AGENCY,AFNGS ,19821029,25-29,WG12,< 1,,
006077378,NAME WITHHELD BY AGENCY,AFNGA ,19821028,30-34,WG10,3-4,,
006077702,NAME WITHHELD BY AGENCY,AFNGA ,19821004,20-24,WG10,< 1,,
006079461,NAME WITHHELD BY AGENCY,AFNGS ,19821006,20-24,GS05,3-4,,
006079461,NAME WITHHELD BY AGENCY,AFNGS ,19821008,20-24,GS05,3-4,,
006082152,NAME WITHHELD BY AGENCY,AFNGS ,19821001,35-39,WS11,15-19,,
006086212,NAME WITHHELD BY AGENCY,AFNGA ,19821114,30-34,WG10,3-4,,
006088441,NAME WITHHELD BY AGENCY,AFNGA ,19821008,25-29,WG10,5-9,,
006097774,NAME WITHHELD BY AGENCY,AFNGA ,19821003,30-34,GS05,3-4,,
006100954,NAME WITHHELD BY AGENCY,AFNGS ,19821118,20-24,WG08,< 1,,
006114661,NAME WITHHELD BY AGENCY,AFNGA ,19821003,20-24,GS05,UNSP,,
006123385,NAME WITHHELD BY AGENCY,AFNGS ,19821008,25-29,GS05,1-2,,
006126759,NAME WITHHELD BY AGENCY,AFNGS ,19821029,35-39,GS06,3-4,,
006139494,NAME WITHHELD BY AGENCY,AFNGA ,19821006,25-29,GS04,< 1,,
006139494,NAME WITHHELD BY AGENCY,AFNGS ,19821102,20-24,GS04,< 1,,
006168918,NAME WITHHELD BY AGENCY,AFNGA ,19821025,25-29,WG08,< 1,,
006176280,NAME WITHHELD BY AGENCY,AFNGA ,19821003,25-29,WS11,3-4,,
006180534,NAME WITHHELD BY AGENCY,AFNGA ,19821010,25-29,GS04,1-2,,
006183417,NAME WITHHELD BY AGENCY,AFNGA ,19821003,30-34,GS04,< 1,,
006183417,NAME WITHHELD BY AGENCY,AFNGS ,19821113,25-29,GS04,< 1,,
006193459,NAME WITHHELD BY AGENCY,AFNGS ,19821113,25-29,GS06,1-2,,
006221277,NAME WITHHELD BY AGENCY,AFNGA ,19821007,15-19,GS05,< 1,,
006239662,NAME WITHHELD BY AGENCY,AFNGA ,19821219,25-29,GS06,< 1,,
006250348,NAME WITHHELD BY AGENCY,AFNGS ,19821222,30-34,WS10,10-14,,
006279337,NAME WITHHELD BY AGENCY,AFNGA ,19821212,15-19,WG10,< 1,,
006279821,NAME WITHHELD BY AGENCY,AFNGA ,19821025,30-34,WG10,3-4,,
006281906,NAME WITHHELD BY AGENCY,AFNGS ,19821030,30-34,GS05,5-9,,
006285468,NAME WITHHELD BY AGENCY,AFNGS ,19821031,20-24,GS05,< 1,,
006300398,NAME WITHHELD BY AGENCY,AFNGA ,19821025,20-24,WG10,3-4,,
006309480,NAME WITHHELD BY AGENCY,AFNGS ,19821016,20-24,GS06,3-4,,
006314105,NAME WITHHELD BY AGENCY,AFNGA ,19821226,25-29,WG09,UNSP,,
006344253,NAME WITHHELD BY AGENCY,AFNGA ,19821219,20-24,WG10,3-4,,
006365384,NAME WITHHELD BY AGENCY,AFNGS ,19821016,20-24,WG10,< 1,,
006373605,NAME WITHHELD BY AGENCY,AFNGA ,19821012,25-29,GM13,1-2,,
006373605,NAME WITHHELD BY AGENCY,AFNGS ,19821209,30-34,GM13,1-2,,
006384085,NAME WITHHELD BY AGENCY,AFNGA ,19821031,40-44,GS11,UNSP,,
006420748,NAME WITHHELD BY AGENCY,AFNGS ,19821225,25-29,GS09,3-4,,
006454574,NAME WITHHELD BY AGENCY,AFNGS ,19821008,30-34,GS04,< 1,,
006465416,NAME WITHHELD BY AGENCY,AFNGS ,19821205,30-34,WG10,5-9,,
006484181,NAME WITHHELD BY AGENCY,AFNGA ,19821213,25-29,GS05,< 1,,
006502283,NAME WITHHELD BY AGENCY,AFNGA ,19821114,20-24,WG12,3-4,,
006502934,NAME WITHHELD BY AGENCY,AFNGA ,19821001,15-19,WG08,< 1,,
006508853,NAME WITHHELD BY AGENCY,AFNGS ,19821214,40-44,WG10,3-4,,
006526578,NAME WITHHELD BY AGENCY,AFNGA ,19821003,20-24,WG10,3-4,,
006529383,NAME WITHHELD BY AGENCY,AFNGA ,19821128,35-39,WG10,UNSP,,
006533406,NAME WITHHELD BY AGENCY,AFNGS ,19821016,20-24,GS04,5-9,,
006542345,NAME WITHHELD BY AGENCY,AFNGA ,19821115,15-19,WG05,< 1,,
006542345,NAME WITHHELD BY AGENCY,AFNGS ,19821218,20-24,WG05,< 1,,
006547402,NAME WITHHELD BY AGENCY,AFNGA ,19821101,15-19,WG10,UNSP,,
006557162,NAME WITHHELD BY AGENCY,AFNGS ,19821021,30-34,WS09,10-14,,
006560450,NAME WITHHELD BY AGENCY,AFNGS ,19821215,25-29,GS06,5-9,,
006560594,NAME WITHHELD BY AGENCY,AFNGS ,19821211,30-34,WG12,5-9,,
006564519,NAME WITHHELD BY AGENCY,AFNGS ,19821227,30-34,GS04,< 1,,
006594930,NAME WITHHELD BY AGENCY,AFNGS ,19821104,65-69,GS05,25-29,,
006644714,NAME WITHHELD BY AGENCY,AFNGS ,19821212,60-64,GS06,15-19,,
006718068,NAME WITHHELD BY AGENCY,AFNGS ,19821210,30-34,WG11,5-9,,
006733832,NAME WITHHELD BY AGENCY,AFNGS ,19821015,20-24,WG08,< 1,,
006776147,NAME WITHHELD BY AGENCY,AFNGS ,19821030,20-24,GS05,< 1,,
006863764,NAME WITHHELD BY AGENCY,AFNGA ,19821025,25-29,GS06,1-2,,
006863764,NAME WITHHELD BY AGENCY,AFNGS ,19821224,20-24,GS06,1-2,,
006867270,NAME WITHHELD BY AGENCY,AFNGA ,19821114,25-29,WG10,3-4,,
006879658,NAME WITHHELD BY AGENCY,AFNGA ,19821024,25-29,GS05,UNSP,,
006879658,NAME WITHHELD BY AGENCY,AFNGS ,19821115,25-29,GS05,< 1,,
006879738,NAME WITHHELD BY AGENCY,AFNGA ,19821003,20-24,WG05,1-2,,
006880612,NAME WITHHELD BY AGENCY,AFNGA ,19821003,25-29,GS07,< 1,,
006881457,NAME WITHHELD BY AGENCY,AFNGA ,19821027,25-29,GS05,UNSP,,
006887107,NAME WITHHELD BY AGENCY,AFNGA ,19821128,20-24,WG05,< 1,,
006891238,NAME WITHHELD BY AGENCY,AFNGA ,19821031,25-29,GS04,< 1,,
006906820,NAME WITHHELD BY AGENCY,AFNGS ,19821211,25-29,GS07,5-9,,
006923673,NAME WITHHELD BY AGENCY,AFNGS ,19820501,25-29,WG10,< 1,,
006927011,NAME WITHHELD BY AGENCY,AFNGS ,19821127,20-24,GS06,1-2,,
006950411,NAME WITHHELD BY AGENCY,AFNGA ,19821226,20-24,WG06,3-4,,
006951160,NAME WITHHELD BY AGENCY,AFNGS ,19821001,25-29,GS06,5-9,,
007241913,NAME WITHHELD BY AGENCY,AFNGS ,19821127,20-24,GS05,1-2,,
007245280,NAME WITHHELD BY AGENCY,AFNGA ,19821017,20-24,WG09,3-4,,
007267101,NAME WITHHELD BY AGENCY,AFNGA ,19821003,20-24,WG03,1-2,,
007277836,NAME WITHHELD BY AGENCY,AFNGS ,19821029,25-29,WG10,5-9,,
007317667,NAME WITHHELD BY AGENCY,AFNGA ,19821001,20-24,WG08,< 1,,
007342987,NAME WITHHELD BY AGENCY,AFNGS ,19821112,25-29,GS06,5-9,,
007350610,NAME WITHHELD BY AGENCY,AFNGS ,19821030,20-24,GS05,5-9,,
007366027,NAME WITHHELD BY AGENCY,AFNGA ,19821001,20-24,GS05,< 1,,
007366027,NAME WITHHELD BY AGENCY,AFNGS ,19821107,20-24,GS05,1-2,,
007375817,NAME WITHHELD BY AGENCY,AFNGA ,19821004,25-29,WG10,3-4,,
007388775,NAME WITHHELD BY AGENCY,AFNGS ,19821209,20-24,GS04,1-2,,
007394637,NAME WITHHELD BY AGENCY,AFNGA ,19821118,20-24,GS06,5-9,,
007395585,NAME WITHHELD BY AGENCY,AFNGA ,19821001,20-24,WG06,< 1,,
007395585,NAME WITHHELD BY AGENCY,AFNGS ,19821211,20-24,WG06,1-2,,
007400997,NAME WITHHELD BY AGENCY,AFNGS ,19821026,20-24,WG10,1-2,,
007412328,NAME WITHHELD BY AGENCY,AFNGA ,19821003,30-34,WG08,< 1,,
007419687,NAME WITHHELD BY AGENCY,AFNGS ,19821006,25-29,GS06,5-9,,
007431810,NAME WITHHELD BY AGENCY,AFNGA ,19820719,20-24,WG08,1-2,,
007510138,NAME WITHHELD BY AGENCY,AFNGA ,19821017,20-24,WG10,1-2,,
007582639,NAME WITHHELD BY AGENCY,AFNGA ,19821031,15-19,WG05,UNSP,,
007585342,NAME WITHHELD BY AGENCY,AFNGS ,19821104,25-29,WG08,1-2,,
007597969,NAME WITHHELD BY AGENCY,AFNGS ,19821002,30-34,WG05,1-2,,
007599152,NAME WITHHELD BY AGENCY,AFNGS ,19821003,35-39,WG10,5-9,,
007608779,NAME WITHHELD BY AGENCY,AFNGA ,19821114,30-34,WG10,UNSP,,
007609980,NAME WITHHELD BY AGENCY,AFNGS ,19821127,40-44,GS07,10-14,,
007620933,NAME WITHHELD BY AGENCY,AFNGS ,19821018,40-44,GS12,15-19,,
007637057,NAME WITHHELD BY AGENCY,AFNGA ,19821001,30-34,WG08,5-9,,
007637140,NAME WITHHELD BY AGENCY,AFNGA ,19821024,25-29,WU08,UNSP,,
007642283,NAME WITHHELD BY AGENCY,AFNGS ,19821030,30-34,WU08,1-2,,
007651866,NAME WITHHELD BY AGENCY,AFNGS ,19821127,35-39,GS09,1-2,,
007654826,NAME WITHHELD BY AGENCY,AFNGA ,19821003,30-34,WG08,3-4,,
007657966,NAME WITHHELD BY AGENCY,AFNGS ,19821016,35-39,WG10,3-4,,
007657984,NAME WITHHELD BY AGENCY,AFNGA ,19821003,30-34,GS05,5-9,,
007657984,NAME WITHHELD BY AGENCY,AFNGS ,19821114,30-34,GS05,5-9,,
007663490,NAME WITHHELD BY AGENCY,AFNGS ,19821229,50-54,GS12,30-34,,
007670922,NAME WITHHELD BY AGENCY,AFNGA ,19821114,30-34,GS06,3-4,,
007683689,NAME WITHHELD BY AGENCY,AFNGS ,19821113,35-39,GS06,5-9,,
007686095,NAME WITHHELD BY AGENCY,AFNGS ,19821127,35-39,WG14,10-14,,
007698939,NAME WITHHELD BY AGENCY,AFNGA ,19821114,35-39,WG07,5-9,,
007705488,NAME WITHHELD BY AGENCY,AFNGA ,19821128,25-29,WG12,UNSP,,
007713037,NAME WITHHELD BY AGENCY,AFNGA ,19821003,35-39,WG08,3-4,,
007719244,NAME WITHHELD BY AGENCY,AFNGA ,19821212,35-39,WG10,3-4,,
007733063,NAME WITHHELD BY AGENCY,AFNGA ,19821017,20-24,GS04,< 1,,
007733063,NAME WITHHELD BY AGENCY,AFNGS ,19821211,25-29,GS04,< 1,,
007747900,NAME WITHHELD BY AGENCY,AFNGA ,19821018,35-39,GS05,UNSP,,
007747900,NAME WITHHELD BY AGENCY,AFNGS ,19821112,35-39,GS05,< 1,,
007752004,NAME WITHHELD BY AGENCY,AFNGS ,19821029,30-34,GS07,10-14,,
007753201,NAME WITHHELD BY AGENCY,AFNGA ,19821017,20-24,WG10,3-4,,
007756187,NAME WITHHELD BY AGENCY,AFNGS ,19821225,25-29,GM13,5-9,,
007759004,NAME WITHHELD BY AGENCY,AFNGS ,19821211,35-39,GS09,10-14,,
007766786,NAME WITHHELD BY AGENCY,AFNGA ,19821024,35-39,GS03,UNSP,,
007766786,NAME WITHHELD BY AGENCY,AFNGS ,19821202,35-39,GS03,< 1,,
007778871,NAME WITHHELD BY AGENCY,AFNGA ,19821226,25-29,WG04,UNSP,,
007781306,NAME WITHHELD BY AGENCY,AFNGS ,19821016,40-44,WG12,10-14,,
007781474,NAME WITHHELD BY AGENCY,AFNGA ,19821031,25-29,GS05,1-2,,
007787185,NAME WITHHELD BY AGENCY,AFNGA ,19821003,30-34,GS06,3-4,,
007795115,NAME WITHHELD BY AGENCY,AFNGS ,19821012,30-34,WG09,< 1,,
007802565,NAME WITHHELD BY AGENCY,AFNGS ,19821203,40-44,GM13,15-19,,
007804430,NAME WITHHELD BY AGENCY,AFNGS ,19821029,35-39,GS09,10-14,,
007804430,NAME WITHHELD BY AGENCY,AFNGA ,19821230,35-39,GS09,10-14,,
007815392,NAME WITHHELD BY AGENCY,AFNGA ,19821212,30-34,GS04,< 1,,
007817326,NAME WITHHELD BY AGENCY,AFNGA ,19821003,50-54,GS06,3-4,,
007820218,NAME WITHHELD BY AGENCY,AFNGS ,19821009,40-44,WG12,15-19,,
007849438,NAME WITHHELD BY AGENCY,AFNGA ,19821031,35-39,GS12,UNSP,,
007849438,NAME WITHHELD BY AGENCY,AFNGS ,19821130,35-39,GS12,< 1,,
007849438,NAME WITHHELD BY AGENCY,AFNGA ,19821212,30-34,GS12,< 1,,
007849444,NAME WITHHELD BY AGENCY,AFNGS ,19821005,40-44,WG08,10-14,,
007853762,NAME WITHHELD BY AGENCY,AFNGS ,19821118,40-44,GS06,3-4,,
007865174,NAME WITHHELD BY AGENCY,AFNGS ,19821231,30-34,GS05,5-9,,
007872207,NAME WITHHELD BY AGENCY,AFNGA ,19821129,35-39,GS09,15-19,,
007880823,NAME WITHHELD BY AGENCY,AFNGA ,19821003,35-39,GS05,3-4,,
007887690,NAME WITHHELD BY AGENCY,AFNGS ,19821219,40-44,GS05,1-2,,
007895924,NAME WITHHELD BY AGENCY,AFNGS ,19821105,30-34,GS08,10-14,,
007914078,NAME WITHHELD BY AGENCY,AFNGS ,19821126,40-44,GS11,10-14,,
007917158,NAME WITHHELD BY AGENCY,AFNGS ,19821225,50-54,GS12,30-34,,
007932763,NAME WITHHELD BY AGENCY,AFNGA ,19821227,45-49,WG05,UNSP,,
007933878,NAME WITHHELD BY AGENCY,AFNGA ,19821003,35-39,GS10,10-14,,
007935877,NAME WITHHELD BY AGENCY,AFNGS ,19821002,50-54,GS05,10-14,,
007937521,NAME WITHHELD BY AGENCY,AFNGS ,19821012,30-34,WG10,3-4,,
007941308,NAME WITHHELD BY AGENCY,AFNGA ,19821001,50-54,GS06,< 1,,
007952030,NAME WITHHELD BY AGENCY,AFNGS ,19821231,30-34,GS11,10-14,,
007958872,NAME WITHHELD BY AGENCY,AFNGS ,19821212,40-44,WG10,20-24,,
007967431,NAME WITHHELD BY AGENCY,AFNGS ,19821204,35-39,GS06,5-9,,
007972305,NAME WITHHELD BY AGENCY,AFNGA ,19821108,30-34,WG10,3-4,,
007981245,NAME WITHHELD BY AGENCY,AFNGA ,19821003,15-19,WG08,< 1,,
007982866,NAME WITHHELD BY AGENCY,AFNGA ,19821003,20-24,WG08,UNSP,,
008013959,NAME WITHHELD BY AGENCY,AFNGS ,19821126,15-19,WG05,< 1,,
008041768,NAME WITHHELD BY AGENCY,AFNGS ,19821112,20-24,GS09,5-9,,
008048741,NAME WITHHELD BY AGENCY,AFNGA ,19821003,25-29,GS05,1-2,,
008048741,NAME WITHHELD BY AGENCY,AFNGS ,19821115,20-24,GS05,1-2,,
008056704,NAME WITHHELD BY AGENCY,AFNGA ,19821003,20-24,WG08,1-2,,
008060418,NAME WITHHELD BY AGENCY,AFNGA ,19821003,20-24,WG05,1-2,,
008120253,NAME WITHHELD BY AGENCY,AFNGS ,19821002,50-54,WG05,3-4,,
008132336,NAME WITHHELD BY AGENCY,AFNGS ,19821113,50-54,GS08,25-29,,
008140018,NAME WITHHELD BY AGENCY,AFNGS ,19821012,45-49,GM13,20-24,,
008140635,NAME WITHHELD BY AGENCY,AFNGA ,19821114,40-44,GS11,5-9,,
008142277,NAME WITHHELD BY AGENCY,AFNGS ,19821120,45-49,WS09,25-29,,
008162637,NAME WITHHELD BY AGENCY,AFNGS ,19821029,40-44,WG11,< 1,,
008181813,NAME WITHHELD BY AGENCY,AFNGS ,19821030,45-49,WS10,20-24,,
008195251,NAME WITHHELD BY AGENCY,AFNGS ,19821130,50-54,GS11,30-34,,
008200796,NAME WITHHELD BY AGENCY,AFNGA ,19821220,45-49,GS07,UNSP,,
008205974,NAME WITHHELD BY AGENCY,AFNGS ,19820501,30-34,GS06,1-2,,
008206402,NAME WITHHELD BY AGENCY,AFNGS ,19821016,45-49,WG10,10-14,,
008220245,NAME WITHHELD BY AGENCY,AFNGS ,19821015,40-44,WG12,20-24,,
008227088,NAME WITHHELD BY AGENCY,AFNGS ,19821230,55-59,GS09,30-34,,
008231861,NAME WITHHELD BY AGENCY,AFNGS ,19821128,40-44,GM13,15-19,,
008232256,NAME WITHHELD BY AGENCY,AFNGS ,19821130,50-54,GM13,25-29,,
008237409,NAME WITHHELD BY AGENCY,AFNGS ,19821001,40-44,GS09,20-24,,
008251162,NAME WITHHELD BY AGENCY,AFNGA ,19821114,40-44,GS04,< 1,,
008284348,NAME WITHHELD BY AGENCY,AFNGS ,19821012,20-24,WG05,1-2,,
008285016,NAME WITHHELD BY AGENCY,AFNGA ,19821128,20-24,GS07,< 1,,
008289285,NAME WITHHELD BY AGENCY,AFNGA ,19821003,20-24,GS05,1-2,,
008289285,NAME WITHHELD BY AGENCY,AFNGS ,19821115,20-24,GS05,1-2,,
008309314,NAME WITHHELD BY AGENCY,AFNGA ,19821017,25-29,GS04,5-9,,
008332737,NAME WITHHELD BY AGENCY,AFNGS ,19821122,35-39,GS11,10-14,,
008335366,NAME WITHHELD BY AGENCY,AFNGA ,19821130,35-39,GS11,UNSP,,
008340094,NAME WITHHELD BY AGENCY,AFNGA ,19821003,30-34,WG10,3-4,,
008340423,NAME WITHHELD BY AGENCY,AFNGS ,19821002,30-34,GM13,5-9,,
008350142,NAME WITHHELD BY AGENCY,AFNGA ,19821101,35-39,GS06,3-4,,
008350878,NAME WITHHELD BY AGENCY,AFNGS ,19821208,45-49,GS05,3-4,,
008375979,NAME WITHHELD BY AGENCY,AFNGS ,19821003,35-39,WG07,1-2,,
008384323,NAME WITHHELD BY AGENCY,AFNGA ,19821017,25-29,WG09,< 1,,
008386406,NAME WITHHELD BY AGENCY,AFNGS ,19821030,30-34,GS06,10-14,,
008387966,NAME WITHHELD BY AGENCY,AFNGA ,19821003,35-39,WG08,3-4,,
008391680,NAME WITHHELD BY AGENCY,AFNGS ,19821127,30-34,WG08,< 1,,
008397775,NAME WITHHELD BY AGENCY,AFNGS ,19821210,45-49,WG12,15-19,,
008399593,NAME WITHHELD BY AGENCY,AFNGS ,19821003,25-29,GS07,5-9,,
008402462,NAME WITHHELD BY AGENCY,AFNGA ,19821004,30-34,WG10,5-9,,
008402462,NAME WITHHELD BY AGENCY,AFNGS ,19821130,30-34,WG10,5-9,,
008421246,NAME WITHHELD BY AGENCY,AFNGS ,19821218,35-39,GS06,5-9,,
008423678,NAME WITHHELD BY AGENCY,AFNGS ,19821113,35-39,GS08,15-19,,
008425189,NAME WITHHELD BY AGENCY,AFNGA ,19821004,40-44,GM13,UNSP,,
008431100,NAME WITHHELD BY AGENCY,AFNGA ,19821024,40-44,GS05,1-2,,
008443596,NAME WITHHELD BY AGENCY,AFNGA ,19821004,20-24,WG10,UNSP,,
008443596,NAME WITHHELD BY AGENCY,AFNGS ,19821130,25-29,WG10,< 1,,
008449381,NAME WITHHELD BY AGENCY,AFNGS ,19821111,40-44,GS06,10-14,,
008452188,NAME WITHHELD BY AGENCY,AFNGA ,19821115,30-34,GS07,10-14,,
008462270,NAME WITHHELD BY AGENCY,AFNGS ,19821225,45-49,GS07,25-29,,
008467058,NAME WITHHELD BY AGENCY,AFNGS ,19821211,35-39,GS06,3-4,,
008467758,NAME WITHHELD BY AGENCY,AFNGA ,19821107,30-34,GM13,5-9,,
008483161,NAME WITHHELD BY AGENCY,AFNGS ,19821211,55-59,GS06,20-24,,
008493100,NAME WITHHELD BY AGENCY,AFNGS ,19821127,45-49,WG11,25-29,,
008494533,NAME WITHHELD BY AGENCY,AFNGS ,19821130,50-54,GS08,30-34,,
008495782,NAME WITHHELD BY AGENCY,AFNGS ,19821127,40-44,GS06,< 1,,
008496710,NAME WITHHELD BY AGENCY,AFNGA ,19821031,35-39,GS08,5-9,,
008519471,NAME WITHHELD BY AGENCY,AFNGS ,19821225,50-54,GS06,25-29,,
008524958,NAME WITHHELD BY AGENCY,AFNGS ,19821016,45-49,WG10,20-24,,
008535141,NAME WITHHELD BY AGENCY,AFNGS ,19821214,40-44,GM13,5-9,,
008538109,NAME WITHHELD BY AGENCY,AFNGS ,19821002,40-44,WG10,< 1,,
008541562,NAME WITHHELD BY AGENCY,AFNGS ,19821214,50-54,GS09,25-29,,
008560821,NAME WITHHELD BY AGENCY,AFNGS ,19821127,45-49,GS08,20-24,,
008565407,NAME WITHHELD BY AGENCY,AFNGS ,19821030,35-39,WG10,5-9,,
008571938,NAME WITHHELD BY AGENCY,AFNGS ,19821001,50-54,GS12,25-29,,
008572272,NAME WITHHELD BY AGENCY,AFNGS ,19821231,55-59,WS11,30-34,,
008574560,NAME WITHHELD BY AGENCY,AFNGA ,19821226,50-54,GM13,20-24,,
008585865,NAME WITHHELD BY AGENCY,AFNGA ,19821003,40-44,GS05,< 1,,
008604711,NAME WITHHELD BY AGENCY,AFNGS ,19821001,40-44,GS08,20-24,,
008612452,NAME WITHHELD BY AGENCY,AFNGA ,19821129,30-34,WG10,UNSP,,
008636614,NAME WITHHELD BY AGENCY,AFNGA ,19821031,45-49,GS06,5-9,,
008652662,NAME WITHHELD BY AGENCY,AFNGS ,19821016,35-39,WG08,1-2,,
008655478,NAME WITHHELD BY AGENCY,AFNGA ,19821003,40-44,GS12,10-14,,
008661268,NAME WITHHELD BY AGENCY,AFNGS ,19821115,40-44,GS05,5-9,,
008666544,NAME WITHHELD BY AGENCY,AFNGS ,19821001,45-49,GS11,30-34,,
008666939,NAME WITHHELD BY AGENCY,AFNGS ,19821015,35-39,WS09,5-9,,
008679939,NAME WITHHELD BY AGENCY,AFNGA ,19821029,20-24,WG05,UNSP,,
008687607,NAME WITHHELD BY AGENCY,AFNGA ,19821029,20-24,GS07,UNSP,,
008739842,NAME WITHHELD BY AGENCY,AFNGS ,19821120,35-39,GS08,10-14,,
008769799,NAME WITHHELD BY AGENCY,AFNGA ,19821114,40-44,GS10,10-14,,
008794034,NAME WITHHELD BY AGENCY,AFNGS ,19821002,25-29,WG08,< 1,,
008823518,NAME WITHHELD BY AGENCY,AFNGS ,19821230,25-29,WG03,1-2,,
008824598,NAME WITHHELD BY AGENCY,AFNGS ,19821031,20-24,GS05,3-4,,
008824653,NAME WITHHELD BY AGENCY,AFNGA ,19821025,25-29,GS05,< 1,,
008828286,NAME WITHHELD BY AGENCY,AFNGA ,19821004,35-39,GS05,UNSP,,
008829404,NAME WITHHELD BY AGENCY,AFNGA ,19821031,25-29,GS05,< 1,,
008836713,NAME WITHHELD BY AGENCY,AFNGA ,19821017,25-29,WG07,3-4,,
008854589,NAME WITHHELD BY AGENCY,AFNGA ,19821003,25-29,WG10,< 1,,
008854611,NAME WITHHELD BY AGENCY,AFNGA ,19821003,20-24,WG10,3-4,,
008854854,NAME WITHHELD BY AGENCY,AFNGS ,19821113,40-44,WS07,15-19,,
008856032,NAME WITHHELD BY AGENCY,AFNGA ,19821031,30-34,GS06,5-9,,
008857634,NAME WITHHELD BY AGENCY,AFNGS ,19821103,20-24,WG08,1-2,,
008870904,NAME WITHHELD BY AGENCY,AFNGA ,19821001,25-29,GS04,3-4,,
008898863,NAME WITHHELD BY AGENCY,AFNGS ,19821130,30-34,GS07,10-14,,
008902133,NAME WITHHELD BY AGENCY,AFNGA ,19821012,20-24,GS04,< 1,,
008902133,NAME WITHHELD BY AGENCY,AFNGS ,19821217,20-24,GS04,< 1,,
008908141,NAME WITHHELD BY AGENCY,AFNGS ,19821211,35-39,WG10,10-14,,
008928512,NAME WITHHELD BY AGENCY,AFNGS ,19821025,30-34,GS03,3-4,,
008932131,NAME WITHHELD BY AGENCY,AFNGS ,19821012,20-24,WG04,< 1,,
008933403,NAME WITHHELD BY AGENCY,AFNGA ,19821001,25-29,WG08,< 1,,
008952465,NAME WITHHELD BY AGENCY,AFNGS ,19821127,30-34,GS07,10-14,,
008964036,NAME WITHHELD BY AGENCY,AFNGA ,19821031,35-39,WG10,UNSP,,
008965522,NAME WITHHELD BY AGENCY,AFNGA ,19821219,25-29,WG10,3-4,,
008975367,NAME WITHHELD BY AGENCY,AFNGA ,19821213,25-29,GS07,5-9,,
008986677,NAME WITHHELD BY AGENCY,AFNGA ,19821017,30-34,WG10,5-9,,
008990332,NAME WITHHELD BY AGENCY,AFNGA ,19821212,20-24,GS05,< 1,,
009003221,NAME WITHHELD BY AGENCY,AFNGA ,19821108,25-29,WG10,3-4,,
009014658,NAME WITHHELD BY AGENCY,AFNGA ,19821012,25-29,WG08,3-4,,
009014785,NAME WITHHELD BY AGENCY,AFNGA ,19821212,30-34,GM13,5-9,,
009020651,NAME WITHHELD BY AGENCY,AFNGA ,19821004,25-29,GS05,5-9,,
009021571,NAME WITHHELD BY AGENCY,AFNGA ,19821001,25-29,GS11,1-2,,
009025721,NAME WITHHELD BY AGENCY,AFNGS ,19821220,25-29,GS05,1-2,,
009027025,NAME WITHHELD BY AGENCY,AFNGS ,19821015,45-49,GS08,25-29,,
009032389,NAME WITHHELD BY AGENCY,AFNGS ,19821101,25-29,GS05,1-2,,
009034493,NAME WITHHELD BY AGENCY,AFNGA ,19821107,35-39,GS05,1-2,,
009035467,NAME WITHHELD BY AGENCY,AFNGA ,19821101,25-29,WG10,3-4,,
009039879,NAME WITHHELD BY AGENCY,AFNGS ,19821223,30-34,GS07,5-9,,
009045915,NAME WITHHELD BY AGENCY,AFNGA ,19821122,20-24,WG10,3-4,,
009065356,NAME WITHHELD BY AGENCY,AFNGS ,19821127,35-39,WG11,10-14,,
009085568,NAME WITHHELD BY AGENCY,AFNGA ,19821017,20-24,GS05,UNSP,,
009103265,NAME WITHHELD BY AGENCY,AFNGA ,19821004,25-29,WG05,UNSP,,
009107655,NAME WITHHELD BY AGENCY,AFNGS ,19821031,20-24,GS05,< 1,,
009109405,NAME WITHHELD BY AGENCY,AFNGA ,19821017,25-29,GS06,1-2,,
009112304,NAME WITHHELD BY AGENCY,AFNGA ,19821121,20-24,WG08,< 1,,
009116689,NAME WITHHELD BY AGENCY,AFNGA ,19821003,20-24,GS06,UNSP,,
009119979,NAME WITHHELD BY AGENCY,AFNGA ,19821003,20-24,GS06,3-4,,
009120320,NAME WITHHELD BY AGENCY,AFNGA ,19821115,25-29,WG05,< 1,,
009124330,NAME WITHHELD BY AGENCY,AFNGA ,19821001,30-34,WG10,< 1,,
009131338,NAME WITHHELD BY AGENCY,AFNGS ,19821030,25-29,WG12,1-2,,
009131338,NAME WITHHELD BY AGENCY,AFNGA ,19821031,25-29,WG08,1-2,,
009135838,NAME WITHHELD BY AGENCY,AFNGS ,19821127,30-34,GS07,5-9,,
009160470,NAME WITHHELD BY AGENCY,AFNGS ,19821119,25-29,WG03,< 1,,
009168169,NAME WITHHELD BY AGENCY,AFNGA ,19821121,30-34,WG10,5-9,,
009176106,NAME WITHHELD BY AGENCY,AFNGS ,19821113,30-34,GS12,3-4,,
009179287,NAME WITHHELD BY AGENCY,AFNGS ,19821220,40-44,GS07,15-19,,
009288050,NAME WITHHELD BY AGENCY,AFNGA ,19821018,35-39,GS05,< 1,,
009299861,NAME WITHHELD BY AGENCY,AFNGA ,19821018,20-24,GS03,UNSP,,
009299861,NAME WITHHELD BY AGENCY,AFNGS ,19821210,20-24,GS03,< 1,,
009304843,NAME WITHHELD BY AGENCY,AFNGA ,19821017,25-29,WG10,< 1,,
009305267,NAME WITHHELD BY AGENCY,AFNGA ,19821004,20-24,WG05,< 1,,
009334444,NAME WITHHELD BY AGENCY,AFNGA ,19821017,30-34,WG08,5-9,,
009336602,NAME WITHHELD BY AGENCY,AFNGA ,19821031,30-34,GS05,5-9,,
009344981,NAME WITHHELD BY AGENCY,AFNGA ,19821206,20-24,GS05,< 1,,
009374076,NAME WITHHELD BY AGENCY,AFNGA ,19821003,25-29,WG12,5-9,,
009382818,NAME WITHHELD BY AGENCY,AFNGA ,19821226,40-44,WG11,5-9,,
009382851,NAME WITHHELD BY AGENCY,AFNGS ,19821206,25-29,WG10,5-9,,
009384220,NAME WITHHELD BY AGENCY,AFNGS ,19821029,40-44,GS07,5-9,,
009407606,NAME WITHHELD BY AGENCY,AFNGS ,19821228,30-34,GS11,10-14,,
009421755,NAME WITHHELD BY AGENCY,AFNGA ,19821004,25-29,WG13,5-9,,
009474215,NAME WITHHELD BY AGENCY,AFNGA ,19821219,30-34,WG12,UNSP,,
009478397,NAME WITHHELD BY AGENCY,AFNGA ,19821004,25-29,WG10,< 1,,
009479863,NAME WITHHELD BY AGENCY,AFNGS ,19821130,20-24,WG11,5-9,,
009482401,NAME WITHHELD BY AGENCY,AFNGA ,19821128,30-34,GS12,UNSP,,
009526635,NAME WITHHELD BY AGENCY,AFNGA ,19821025,25-29,GS04,3-4,,
009527784,NAME WITHHELD BY AGENCY,AFNGS ,19821001,30-34,WG10,10-14,,
009529379,NAME WITHHELD BY AGENCY,AFNGS ,19821113,45-49,WG12,15-19,,
009543291,NAME WITHHELD BY AGENCY,AFNGA ,19821024,30-34,WG10,3-4,,
009545340,NAME WITHHELD BY AGENCY,AFNGS ,19821230,25-29,WG10,1-2,,
009569647,NAME WITHHELD BY AGENCY,AFNGS ,19821129,25-29,GS06,1-2,,
009572198,NAME WITHHELD BY AGENCY,AFNGA ,19821205,30-34,WG03,5-9,,
009573754,NAME WITHHELD BY AGENCY,AFNGA ,19821108,30-34,WG05,3-4,,
009574540,NAME WITHHELD BY AGENCY,AFNGA ,19821128,35-39,GS06,1-2,,
009574540,NAME WITHHELD BY AGENCY,AFNGS ,19821231,35-39,GS06,1-2,,
009592431,NAME WITHHELD BY AGENCY,AFNGA ,19821004,30-34,GS05,1-2,,
009592431,NAME WITHHELD BY AGENCY,AFNGS ,19821105,25-29,GS05,1-2,,
009602571,NAME WITHHELD BY AGENCY,AFNGA ,19821003,25-29,WG06,< 1,,
009631563,NAME WITHHELD BY AGENCY,AFNGA ,19821004,20-24,WG11,3-4,,
009641502,NAME WITHHELD BY AGENCY,AFNGS ,19821214,25-29,GS07,5-9,,
009657114,NAME WITHHELD BY AGENCY,AFNGA ,19821205,25-29,GS04,1-2,,
009667047,NAME WITHHELD BY AGENCY,AFNGS ,19821025,35-39,GS11,10-14,,
009678461,NAME WITHHELD BY AGENCY,AFNGA ,19821001,20-24,GS05,< 1,,
009681901,NAME WITHHELD BY AGENCY,AFNGS ,19821030,35-39,GS09,5-9,,
009681901,NAME WITHHELD BY AGENCY,AFNGS ,19821101,40-44,GS09,5-9,,
009682769,NAME WITHHELD BY AGENCY,AFNGS ,19821022,25-29,WG12,3-4,,
009685039,NAME WITHHELD BY AGENCY,AFNGS ,19821113,30-34,GS05,3-4,,
009692906,NAME WITHHELD BY AGENCY,AFNGA ,19821003,30-34,GS07,UNSP,,
009715882,NAME WITHHELD BY AGENCY,AFNGS ,19821024,45-49,GS08,25-29,,
009720884,NAME WITHHELD BY AGENCY,AFNGA ,19821128,30-34,WG10,5-9,,
009724608,NAME WITHHELD BY AGENCY,AFNGS ,19821116,40-44,GS06,15-19,,
009725606,NAME WITHHELD BY AGENCY,AFNGA ,19821004,20-24,GS04,UNSP,,
009725606,NAME WITHHELD BY AGENCY,AFNGS ,19821203,20-24,GS04,< 1,,
009739042,NAME WITHHELD BY AGENCY,AFNGA ,19821021,25-29,GS06,UNSP,,
009739434,NAME WITHHELD BY AGENCY,AFNGS ,19821212,25-29,GS05,3-4,,
009767425,NAME WITHHELD BY AGENCY,AFNGS ,19821008,15-19,WG09,1-2,,
009779103,NAME WITHHELD BY AGENCY,AFNGS ,19821206,30-34,WG10,15-19,,
009780564,NAME WITHHELD BY AGENCY,AFNGA ,19821004,20-24,GS05,1-2,,
009796687,NAME WITHHELD BY AGENCY,AFNGS ,19821211,15-19,GS05,1-2,,
009806073,NAME WITHHELD BY AGENCY,AFNGA ,19821004,30-34,WG10,5-9,,
009822783,NAME WITHHELD BY AGENCY,AFNGA ,19821001,35-39,GS04,10-14,,
009823688,NAME WITHHELD BY AGENCY,AFNGS ,19821002,20-24,WG10,< 1,,
009842598,NAME WITHHELD BY AGENCY,AFNGA ,19821114,20-24,WG11,5-9,,
009858029,NAME WITHHELD BY AGENCY,AFNGA ,19821017,15-19,WG10,UNSP,,
009875416,NAME WITHHELD BY AGENCY,AFNGS ,19821029,20-24,GS07,< 1,,
009889681,NAME WITHHELD BY AGENCY,AFNGA ,19821128,35-39,WG10,3-4,,
009895866,NAME WITHHELD BY AGENCY,AFNGS ,19821118,20-24,GS05,1-2,,
009905115,NAME WITHHELD BY AGENCY,AFNGS ,19821001,35-39,WG08,1-2,,
009912780,NAME WITHHELD BY AGENCY,AFNGS ,19821017,40-44,WG12,10-14,,
009919559,NAME WITHHELD BY AGENCY,AFNGS ,19821105,25-29,GS05,5-9,,
009921507,NAME WITHHELD BY AGENCY,AFNGA ,19821226,40-44,WG09,3-4,,
009928535,NAME WITHHELD BY AGENCY,AFNGA ,19821219,25-29,WG10,5-9,,
009931526,NAME WITHHELD BY AGENCY,AFNGA ,19821128,35-39,WG12,UNSP,,
009938254,NAME WITHHELD BY AGENCY,AFNGS ,19821106,60-64,GS06,30-34,,
009941603,NAME WITHHELD BY AGENCY,AFNGA ,19821004,20-24,GS05,UNSP,,
009941603,NAME WITHHELD BY AGENCY,AFNGS ,19821217,20-24,GS05,< 1,,
009947018,NAME WITHHELD BY AGENCY,AFNGA ,19821025,25-29,WG10,< 1,,
009947018,NAME WITHHELD BY AGENCY,AFNGS ,19821113,25-29,WG10,< 1,,
009989077,NAME WITHHELD BY AGENCY,AFNGS ,19821210,40-44,GS06,10-14,,
009994989,NAME WITHHELD BY AGENCY,AFNGA ,19821017,20-24,WG07,1-2,,
010008308,NAME WITHHELD BY AGENCY,AFNGS ,19821112,20-24,WG10,5-9,,
010010135,NAME WITHHELD BY AGENCY,AFNGS ,19821113,25-29,WG08,1-2,,
010054741,NAME WITHHELD BY AGENCY,AFNGA ,19821025,20-24,GS03,UNSP,,
010058438,NAME WITHHELD BY AGENCY,AFNGS ,19821102,25-29,GS05,1-2,,
010081083,NAME WITHHELD BY AGENCY,AFNGS ,19821001,20-24,GS05,1-2,,
010081083,NAME WITHHELD BY AGENCY,AFNGS ,19821101,15-19,GS05,1-2,,
010095720,NAME WITHHELD BY AGENCY,AFNGA ,19821031,25-29,GS03,UNSP,,
010105189,NAME WITHHELD BY AGENCY,AFNGS ,19821119,20-24,GS06,5-9,,
010107025,NAME WITHHELD BY AGENCY,AFNGA ,19821031,15-19,WG09,UNSP,,
010162617,NAME WITHHELD BY AGENCY,AFNGA ,19821025,40-44,GS05,3-4,,
010169804,NAME WITHHELD BY AGENCY,AFNGS ,19821022,50-54,GS03,< 1,,
010178496,NAME WITHHELD BY AGENCY,AFNGS ,19821108,55-59,WG10,25-29,,
010181311,NAME WITHHELD BY AGENCY,AFNGS ,19821002,40-44,WG10,< 1,,
010181311,NAME WITHHELD BY AGENCY,AFNGA ,19821226,35-39,WG10,UNSP,,
010194058,NAME WITHHELD BY AGENCY,AFNGS ,19821231,30-34,GS05,15-19,,
010209416,NAME WITHHELD BY AGENCY,AFNGA ,19821031,50-54,GS05,5-9,,
010220307,NAME WITHHELD BY AGENCY,AFNGS ,19821211,50-54,WG12,25-29,,
010226327,NAME WITHHELD BY AGENCY,AFNGS ,19821122,45-49,GS07,25-29,,
010245044,NAME WITHHELD BY AGENCY,AFNGA ,19821019,45-49,WS11,5-9,,
010245835,NAME WITHHELD BY AGENCY,AFNGS ,19821016,30-34,GS05,< 1,,
010260412,NAME WITHHELD BY AGENCY,AFNGS ,19821023,45-49,WG13,15-19,,
010269845,NAME WITHHELD BY AGENCY,AFNGS ,19821023,45-49,WG10,30-34,,
010290939,NAME WITHHELD BY AGENCY,AFNGS ,19821227,45-49,GM13,25-29,,
010293581,NAME WITHHELD BY AGENCY,AFNGS ,19821101,55-59,GM13,25-29,,
010300974,NAME WITHHELD BY AGENCY,AFNGS ,19821015,45-49,WS09,30-34,,
010317782,NAME WITHHELD BY AGENCY,AFNGS ,19821231,50-54,GS10,30-34,,
010325991,NAME WITHHELD BY AGENCY,AFNGA ,19821017,45-49,GS05,< 1,,
010329969,NAME WITHHELD BY AGENCY,AFNGS ,19821231,55-59,GS10,30-34,,
010335093,NAME WITHHELD BY AGENCY,AFNGA ,19821114,50-54,WG10,15-19,,
010335124,NAME WITHHELD BY AGENCY,AFNGS ,19821230,50-54,GS12,20-24,,
010369372,NAME WITHHELD BY AGENCY,AFNGS ,19821004,45-49,WG10,25-29,,
010373286,NAME WITHHELD BY AGENCY,AFNGS ,19821127,45-49,GS09,15-19,,
010391612,NAME WITHHELD BY AGENCY,AFNGS ,19821018,60-64,WG10,20-24,,
010398424,NAME WITHHELD BY AGENCY,AFNGA ,19821003,50-54,WG12,5-9,,
010461897,NAME WITHHELD BY AGENCY,AFNGS ,19821127,20-24,GS04,< 1,,
010472710,NAME WITHHELD BY AGENCY,AFNGS ,19821017,20-24,GS04,< 1,,
010485750,NAME WITHHELD BY AGENCY,AFNGA ,19821114,20-24,WG11,< 1,,
010496279,NAME WITHHELD BY AGENCY,AFNGS ,19821001,15-19,WG10,5-9,,
010515239,NAME WITHHELD BY AGENCY,AFNGA ,19821013,15-19,WG05,UNSP,,
010516794,NAME WITHHELD BY AGENCY,AFNGS ,19821027,15-19,WG05,< 1,,
010516794,NAME WITHHELD BY AGENCY,AFNGA ,19821031,15-19,WG05,< 1,,
010540807,NAME WITHHELD BY AGENCY,AFNGA ,19821017,55-59,GS06,10-14,,
010544381,NAME WITHHELD BY AGENCY,AFNGS ,19821002,50-54,WG11,30-34,,
010545750,NAME WITHHELD BY AGENCY,AFNGS ,19821030,60-64,WG06,30-34,,
010559890,NAME WITHHELD BY AGENCY,AFNGS ,19821127,60-64,WG10,30-34,,
010593627,NAME WITHHELD BY AGENCY,AFNGS ,19821231,55-59,GS11,30-34,,
010626014,NAME WITHHELD BY AGENCY,AFNGA ,19821031,50-54,GS07,1-2,,
010702898,NAME WITHHELD BY AGENCY,AFNGA ,19821003,20-24,WG08,UNSP,,
010767325,NAME WITHHELD BY AGENCY,AFNGS ,19821001,50-54,GS04,< 1,,
010772035,NAME WITHHELD BY AGENCY,AFNGS ,19821113,50-54,GS08,30-34,,
010791043,NAME WITHHELD BY AGENCY,AFNGS ,19821230,55-59,GS09,30-34,,
010817146,NAME WITHHELD BY AGENCY,AFNGA ,19821024,50-54,GS08,3-4,,
010820023,NAME WITHHELD BY AGENCY,AFNGA ,19821018,40-44,WG07,3-4,,
010828835,NAME WITHHELD BY AGENCY,AFNGS ,19821016,40-44,WG11,25-29,,
010835627,NAME WITHHELD BY AGENCY,AFNGS ,19821105,50-54,WS11,25-29,,
010839164,NAME WITHHELD BY AGENCY,AFNGS ,19821008,50-54,GS07,20-24,,
010849085,NAME WITHHELD BY AGENCY,AFNGA ,19821101,45-49,WG07,3-4,,
010851287,NAME WITHHELD BY AGENCY,AFNGS ,19821025,50-54,WS10,30-34,,
010856698,NAME WITHHELD BY AGENCY,AFNGA ,19821004,45-49,GS06,10-14,,
010861771,NAME WITHHELD BY AGENCY,AFNGA ,19821003,55-59,WG10,5-9,,
010862344,NAME WITHHELD BY AGENCY,AFNGA ,19821031,45-49,GS04,3-4,,
010868500,NAME WITHHELD BY AGENCY,AFNGS ,19821231,45-49,GS12,20-24,,
010873811,NAME WITHHELD BY AGENCY,AFNGS ,19821030,55-59,WS09,30-34,,
010877775,NAME WITHHELD BY AGENCY,AFNGS ,19821025,60-64,WG11,25-29,,
010884652,NAME WITHHELD BY AGENCY,AFNGS ,19821002,55-59,GS11,30-34,,
010895379,NAME WITHHELD BY AGENCY,AFNGA ,19821114,25-29,WG10,< 1,,
010898506,NAME WITHHELD BY AGENCY,AFNGS ,19821126,55-59,GS05,5-9,,
010901903,NAME WITHHELD BY AGENCY,AFNGS ,19821017,45-49,GS12,30-34,,
010960604,NAME WITHHELD BY AGENCY,AFNGS ,19821109,45-49,WS10,30-34,,
010972493,NAME WITHHELD BY AGENCY,AFNGA ,19821229,50-54,WG05,10-14,,
010972937,NAME WITHHELD BY AGENCY,AFNGS ,19821016,50-54,GS12,30-34,,
010981225,NAME WITHHELD BY AGENCY,AFNGS ,19821006,55-59,WG05,20-24,,
